run	mate	path	url	bytes	md5
SRR31127948	1	data/raw/fastq/SRR31127948/SRR31127948_1.fastq.gz	https://ftp.sra.ebi.ac.uk/vol1/fastq/SRR311/048/SRR31127948/SRR31127948_1.fastq.gz	1749725073	86d28cdc907d23eec21216d2f4f73fec
SRR31127948	2	data/raw/fastq/SRR31127948/SRR31127948_2.fastq.gz	https://ftp.sra.ebi.ac.uk/vol1/fastq/SRR311/048/SRR31127948/SRR31127948_2.fastq.gz	1754257777	4dec5669fe9e57b26c7e58b0f4cbd842
SRR31127949	1	data/raw/fastq/SRR31127949/SRR31127949_1.fastq.gz	https://ftp.sra.ebi.ac.uk/vol1/fastq/SRR311/049/SRR31127949/SRR31127949_1.fastq.gz	1620809022	f277a5d9f7c04ea1c78ab7e4f9800137
SRR31127949	2	data/raw/fastq/SRR31127949/SRR31127949_2.fastq.gz	https://ftp.sra.ebi.ac.uk/vol1/fastq/SRR311/049/SRR31127949/SRR31127949_2.fastq.gz	1643581397	179d14d5cfa6fc6a8ba0976ccf41b3e9
SRR31127951	1	data/raw/fastq/SRR31127951/SRR31127951_1.fastq.gz	https://ftp.sra.ebi.ac.uk/vol1/fastq/SRR311/051/SRR31127951/SRR31127951_1.fastq.gz	1773751076	64a7c8139753cabb1ab193f092372325
SRR31127951	2	data/raw/fastq/SRR31127951/SRR31127951_2.fastq.gz	https://ftp.sra.ebi.ac.uk/vol1/fastq/SRR311/051/SRR31127951/SRR31127951_2.fastq.gz	1827845755	da3c96ad88c4424f7cbbdf4466415b6f
SRR31178571	1	data/raw/fastq/SRR31178571/SRR31178571_1.fastq.gz	https://ftp.sra.ebi.ac.uk/vol1/fastq/SRR311/071/SRR31178571/SRR31178571_1.fastq.gz	1365058544	22f57844b0405e70187c7efbfe211d17
SRR31178571	2	data/raw/fastq/SRR31178571/SRR31178571_2.fastq.gz	https://ftp.sra.ebi.ac.uk/vol1/fastq/SRR311/071/SRR31178571/SRR31178571_2.fastq.gz	1444734842	28b9ae9b972c83158e51a9697c25b32b
SRR31178573	1	data/raw/fastq/SRR31178573/SRR31178573_1.fastq.gz	https://ftp.sra.ebi.ac.uk/vol1/fastq/SRR311/073/SRR31178573/SRR31178573_1.fastq.gz	1366218698	b36ebc0d2153938dd089626be3398eaa
SRR31178573	2	data/raw/fastq/SRR31178573/SRR31178573_2.fastq.gz	https://ftp.sra.ebi.ac.uk/vol1/fastq/SRR311/073/SRR31178573/SRR31178573_2.fastq.gz	1435242073	fc48d9961fbe0fafbdb362b9f656a7f8
SRR31178572	1	data/raw/fastq/SRR31178572/SRR31178572_1.fastq.gz	https://ftp.sra.ebi.ac.uk/vol1/fastq/SRR311/072/SRR31178572/SRR31178572_1.fastq.gz	1516841398	4f588da952ea5e37d3e0519214f4bf6e
SRR31178572	2	data/raw/fastq/SRR31178572/SRR31178572_2.fastq.gz	https://ftp.sra.ebi.ac.uk/vol1/fastq/SRR311/072/SRR31178572/SRR31178572_2.fastq.gz	1613225304	35fd9df065eb4a6f04796d4e09e0832e
SRR31178574	1	data/raw/fastq/SRR31178574/SRR31178574_1.fastq.gz	https://ftp.sra.ebi.ac.uk/vol1/fastq/SRR311/074/SRR31178574/SRR31178574_1.fastq.gz	1280991729	f392b2b59ef51807e1299cbc172fd93b
SRR31178574	2	data/raw/fastq/SRR31178574/SRR31178574_2.fastq.gz	https://ftp.sra.ebi.ac.uk/vol1/fastq/SRR311/074/SRR31178574/SRR31178574_2.fastq.gz	1356487643	3e540ee79562c8cb05c69ca00e69c90b
SRR31127950	1	data/raw/fastq/SRR31127950/SRR31127950_1.fastq.gz	https://ftp.sra.ebi.ac.uk/vol1/fastq/SRR311/050/SRR31127950/SRR31127950_1.fastq.gz	1822122056	32ff9d3cd1c0ee749e140ec22b504a97
SRR31127950	2	data/raw/fastq/SRR31127950/SRR31127950_2.fastq.gz	https://ftp.sra.ebi.ac.uk/vol1/fastq/SRR311/050/SRR31127950/SRR31127950_2.fastq.gz	1872865666	9a6187d798265be7d68d504055285409
SRR18218311	1	data/raw/fastq/SRR18218311/SRR18218311_1.fastq.gz	https://ftp.sra.ebi.ac.uk/vol1/fastq/SRR182/011/SRR18218311/SRR18218311_1.fastq.gz	1968829705	b8b5a371d23492fe8c52ba5350a05319
SRR18218311	2	data/raw/fastq/SRR18218311/SRR18218311_2.fastq.gz	https://ftp.sra.ebi.ac.uk/vol1/fastq/SRR182/011/SRR18218311/SRR18218311_2.fastq.gz	2107813731	883c5ddcfc155e600b5cfd7483e7a6d3
SRR18218302	1	data/raw/fastq/SRR18218302/SRR18218302_1.fastq.gz	https://ftp.sra.ebi.ac.uk/vol1/fastq/SRR182/002/SRR18218302/SRR18218302_1.fastq.gz	1588798282	f86bf8fa46b0c42b0bd208208d18367e
SRR18218302	2	data/raw/fastq/SRR18218302/SRR18218302_2.fastq.gz	https://ftp.sra.ebi.ac.uk/vol1/fastq/SRR182/002/SRR18218302/SRR18218302_2.fastq.gz	1706568220	ca4f142885e1b9b2c42694717032e84f
SRR18218303	1	data/raw/fastq/SRR18218303/SRR18218303_1.fastq.gz	https://ftp.sra.ebi.ac.uk/vol1/fastq/SRR182/003/SRR18218303/SRR18218303_1.fastq.gz	1968508925	8842b59d0099dcba3da8226910be5b7d
SRR18218303	2	data/raw/fastq/SRR18218303/SRR18218303_2.fastq.gz	https://ftp.sra.ebi.ac.uk/vol1/fastq/SRR182/003/SRR18218303/SRR18218303_2.fastq.gz	2114591690	fdf79ee8061d187968dbc0d036be3f60
SRR18218304	1	data/raw/fastq/SRR18218304/SRR18218304_1.fastq.gz	https://ftp.sra.ebi.ac.uk/vol1/fastq/SRR182/004/SRR18218304/SRR18218304_1.fastq.gz	1937004867	5632d7f48ea9090f31126bdf7ef43453
SRR18218304	2	data/raw/fastq/SRR18218304/SRR18218304_2.fastq.gz	https://ftp.sra.ebi.ac.uk/vol1/fastq/SRR182/004/SRR18218304/SRR18218304_2.fastq.gz	2080769528	4cdf880cbfe6f22a199a80e26440ecfa
SRR18218310	1	data/raw/fastq/SRR18218310/SRR18218310_1.fastq.gz	https://ftp.sra.ebi.ac.uk/vol1/fastq/SRR182/010/SRR18218310/SRR18218310_1.fastq.gz	1937453380	7d4d95e9957cd86a6b2474c1ed6b7fd8
SRR18218310	2	data/raw/fastq/SRR18218310/SRR18218310_2.fastq.gz	https://ftp.sra.ebi.ac.uk/vol1/fastq/SRR182/010/SRR18218310/SRR18218310_2.fastq.gz	2074211882	5e5c090516241c0f12e0a66a2770921c
SRR18218317	1	data/raw/fastq/SRR18218317/SRR18218317_1.fastq.gz	https://ftp.sra.ebi.ac.uk/vol1/fastq/SRR182/017/SRR18218317/SRR18218317_1.fastq.gz	2043099518	c3228e86237b1898d2968f51cf04635e
SRR18218317	2	data/raw/fastq/SRR18218317/SRR18218317_2.fastq.gz	https://ftp.sra.ebi.ac.uk/vol1/fastq/SRR182/017/SRR18218317/SRR18218317_2.fastq.gz	2139810871	897913086a7a4793a2356716c17b6a06
SRR18218318	1	data/raw/fastq/SRR18218318/SRR18218318_1.fastq.gz	https://ftp.sra.ebi.ac.uk/vol1/fastq/SRR182/018/SRR18218318/SRR18218318_1.fastq.gz	1944711695	f4f53d3f7b08f71fd482fe14a23ba371
SRR18218318	2	data/raw/fastq/SRR18218318/SRR18218318_2.fastq.gz	https://ftp.sra.ebi.ac.uk/vol1/fastq/SRR182/018/SRR18218318/SRR18218318_2.fastq.gz	2036783153	7ab38166b35ea1c3e49390a493b44b45
SRR18218301	1	data/raw/fastq/SRR18218301/SRR18218301_1.fastq.gz	https://ftp.sra.ebi.ac.uk/vol1/fastq/SRR182/001/SRR18218301/SRR18218301_1.fastq.gz	2002976837	90eb25fbf14cdd2ee8b328346de740ba
SRR18218301	2	data/raw/fastq/SRR18218301/SRR18218301_2.fastq.gz	https://ftp.sra.ebi.ac.uk/vol1/fastq/SRR182/001/SRR18218301/SRR18218301_2.fastq.gz	2104859172	639967701cb8d6644f92c5e300aacba5
SRR18218308	1	data/raw/fastq/SRR18218308/SRR18218308_1.fastq.gz	https://ftp.sra.ebi.ac.uk/vol1/fastq/SRR182/008/SRR18218308/SRR18218308_1.fastq.gz	2010228641	d99834ccb178e61a72381a3ea9f8fa8c
SRR18218308	2	data/raw/fastq/SRR18218308/SRR18218308_2.fastq.gz	https://ftp.sra.ebi.ac.uk/vol1/fastq/SRR182/008/SRR18218308/SRR18218308_2.fastq.gz	2105388521	092b8ed9087e2db246cf37db1ed412eb
SRR18218309	1	data/raw/fastq/SRR18218309/SRR18218309_1.fastq.gz	https://ftp.sra.ebi.ac.uk/vol1/fastq/SRR182/009/SRR18218309/SRR18218309_1.fastq.gz	1875333859	e7caec19361258bda6fe545405ac3820
SRR18218309	2	data/raw/fastq/SRR18218309/SRR18218309_2.fastq.gz	https://ftp.sra.ebi.ac.uk/vol1/fastq/SRR182/009/SRR18218309/SRR18218309_2.fastq.gz	2007630997	15f854d0662b67b17db10dca1c8319c7
SRR18218315	1	data/raw/fastq/SRR18218315/SRR18218315_1.fastq.gz	https://ftp.sra.ebi.ac.uk/vol1/fastq/SRR182/015/SRR18218315/SRR18218315_1.fastq.gz	1907758503	ee95b48ac278731f67db0b2c5a6e3485
SRR18218315	2	data/raw/fastq/SRR18218315/SRR18218315_2.fastq.gz	https://ftp.sra.ebi.ac.uk/vol1/fastq/SRR182/015/SRR18218315/SRR18218315_2.fastq.gz	2004808928	4476b05db905fe40be25bd3d5a5c29ad
SRR18218316	1	data/raw/fastq/SRR18218316/SRR18218316_1.fastq.gz	https://ftp.sra.ebi.ac.uk/vol1/fastq/SRR182/016/SRR18218316/SRR18218316_1.fastq.gz	1970985458	3feee8869925b780d621bd5ecca4a819
SRR18218316	2	data/raw/fastq/SRR18218316/SRR18218316_2.fastq.gz	https://ftp.sra.ebi.ac.uk/vol1/fastq/SRR182/016/SRR18218316/SRR18218316_2.fastq.gz	2071264298	fa8e2d6ca411ba1e0e4e4c840829be8a
SRR3618865	1	data/raw/fastq/SRR3618865/SRR3618865_1.fastq.gz	https://ftp.sra.ebi.ac.uk/vol1/fastq/SRR361/005/SRR3618865/SRR3618865_1.fastq.gz	2161833824	857a2b70bce7772a80ef6a71ce8751a4
SRR3618865	2	data/raw/fastq/SRR3618865/SRR3618865_2.fastq.gz	https://ftp.sra.ebi.ac.uk/vol1/fastq/SRR361/005/SRR3618865/SRR3618865_2.fastq.gz	2213193420	a2f371646f3b0e0088621f5ffaad9151
SRR3618866	1	data/raw/fastq/SRR3618866/SRR3618866_1.fastq.gz	https://ftp.sra.ebi.ac.uk/vol1/fastq/SRR361/006/SRR3618866/SRR3618866_1.fastq.gz	2075864819	0088f5504144582c3f7b0ad07f17c716
SRR3618866	2	data/raw/fastq/SRR3618866/SRR3618866_2.fastq.gz	https://ftp.sra.ebi.ac.uk/vol1/fastq/SRR361/006/SRR3618866/SRR3618866_2.fastq.gz	2124028624	b83b7b4f8f7c44562c18f17092c51628
SRR3618867	1	data/raw/fastq/SRR3618867/SRR3618867_1.fastq.gz	https://ftp.sra.ebi.ac.uk/vol1/fastq/SRR361/007/SRR3618867/SRR3618867_1.fastq.gz	2049193102	ec445f336cf76f165b668141bd581ddd
SRR3618867	2	data/raw/fastq/SRR3618867/SRR3618867_2.fastq.gz	https://ftp.sra.ebi.ac.uk/vol1/fastq/SRR361/007/SRR3618867/SRR3618867_2.fastq.gz	2106160496	a7856294c5d2fcb6c727e86da1f60ae6
SRR3618868	1	data/raw/fastq/SRR3618868/SRR3618868_1.fastq.gz	https://ftp.sra.ebi.ac.uk/vol1/fastq/SRR361/008/SRR3618868/SRR3618868_1.fastq.gz	2038048609	1bb917be310c1ed6f3ed0070b85c29fa
SRR3618868	2	data/raw/fastq/SRR3618868/SRR3618868_2.fastq.gz	https://ftp.sra.ebi.ac.uk/vol1/fastq/SRR361/008/SRR3618868/SRR3618868_2.fastq.gz	2091682918	1876030ecca6654620c9d729120af4e8
SRR3618869	1	data/raw/fastq/SRR3618869/SRR3618869_1.fastq.gz	https://ftp.sra.ebi.ac.uk/vol1/fastq/SRR361/009/SRR3618869/SRR3618869_1.fastq.gz	2043025494	4f8bd5d8c40bdbbfb63a889d35b1d716
SRR3618869	2	data/raw/fastq/SRR3618869/SRR3618869_2.fastq.gz	https://ftp.sra.ebi.ac.uk/vol1/fastq/SRR361/009/SRR3618869/SRR3618869_2.fastq.gz	2102385145	600e759a679bd815ab669699f8a7cce0
SRR3618870	1	data/raw/fastq/SRR3618870/SRR3618870_1.fastq.gz	https://ftp.sra.ebi.ac.uk/vol1/fastq/SRR361/000/SRR3618870/SRR3618870_1.fastq.gz	2049106970	8e3d239c98a4b29b9b11ed53bc7e6d82
SRR3618870	2	data/raw/fastq/SRR3618870/SRR3618870_2.fastq.gz	https://ftp.sra.ebi.ac.uk/vol1/fastq/SRR361/000/SRR3618870/SRR3618870_2.fastq.gz	2111371903	e7d54e222fedda86c65d050c6aa59f0b
SRR3618871	1	data/raw/fastq/SRR3618871/SRR3618871_1.fastq.gz	https://ftp.sra.ebi.ac.uk/vol1/fastq/SRR361/001/SRR3618871/SRR3618871_1.fastq.gz	2157529619	20ba6ce6df164f6aefbe991d48d0e865
SRR3618871	2	data/raw/fastq/SRR3618871/SRR3618871_2.fastq.gz	https://ftp.sra.ebi.ac.uk/vol1/fastq/SRR361/001/SRR3618871/SRR3618871_2.fastq.gz	2175734239	374134aa5c0d367e93eb2f981fdc052e
SRR3618872	1	data/raw/fastq/SRR3618872/SRR3618872_1.fastq.gz	https://ftp.sra.ebi.ac.uk/vol1/fastq/SRR361/002/SRR3618872/SRR3618872_1.fastq.gz	2135021072	5096daa6b7f3c638501251ffc3d9b461
SRR3618872	2	data/raw/fastq/SRR3618872/SRR3618872_2.fastq.gz	https://ftp.sra.ebi.ac.uk/vol1/fastq/SRR361/002/SRR3618872/SRR3618872_2.fastq.gz	2118338504	564a37fb1a6bd36cef4ffec8429e526c
SRR3618873	1	data/raw/fastq/SRR3618873/SRR3618873_1.fastq.gz	https://ftp.sra.ebi.ac.uk/vol1/fastq/SRR361/003/SRR3618873/SRR3618873_1.fastq.gz	2145109510	4c5be494183b410901db4ed2bd09c718
SRR3618873	2	data/raw/fastq/SRR3618873/SRR3618873_2.fastq.gz	https://ftp.sra.ebi.ac.uk/vol1/fastq/SRR361/003/SRR3618873/SRR3618873_2.fastq.gz	2161460096	5016537642119060016673e8ad6acecf
SRR3618874	1	data/raw/fastq/SRR3618874/SRR3618874_1.fastq.gz	https://ftp.sra.ebi.ac.uk/vol1/fastq/SRR361/004/SRR3618874/SRR3618874_1.fastq.gz	2120821073	374a3b366443e9671e43e1f44d79102e
SRR3618874	2	data/raw/fastq/SRR3618874/SRR3618874_2.fastq.gz	https://ftp.sra.ebi.ac.uk/vol1/fastq/SRR361/004/SRR3618874/SRR3618874_2.fastq.gz	2126925528	5d2564d8775a0fa746186ac9a51c5545
SRR33986268	1	data/raw/fastq/SRR33986268/SRR33986268_1.fastq.gz	https://ftp.sra.ebi.ac.uk/vol1/fastq/SRR339/068/SRR33986268/SRR33986268_1.fastq.gz	1663299346	82f1f3a7a2c0e5fbfcb0ef9940fb72ef
SRR33986268	2	data/raw/fastq/SRR33986268/SRR33986268_2.fastq.gz	https://ftp.sra.ebi.ac.uk/vol1/fastq/SRR339/068/SRR33986268/SRR33986268_2.fastq.gz	1694570354	2480afbafcd111256f1c31d083e855d2
SRR33986274	1	data/raw/fastq/SRR33986274/SRR33986274_1.fastq.gz	https://ftp.sra.ebi.ac.uk/vol1/fastq/SRR339/074/SRR33986274/SRR33986274_1.fastq.gz	1669112215	820e0bb9ee52d43f0a81c4b208a68e6b
SRR33986274	2	data/raw/fastq/SRR33986274/SRR33986274_2.fastq.gz	https://ftp.sra.ebi.ac.uk/vol1/fastq/SRR339/074/SRR33986274/SRR33986274_2.fastq.gz	1695248527	373284049fa5b5dfdcd576fc9b1a5710
SRR33986260	1	data/raw/fastq/SRR33986260/SRR33986260_1.fastq.gz	https://ftp.sra.ebi.ac.uk/vol1/fastq/SRR339/060/SRR33986260/SRR33986260_1.fastq.gz	1555602032	4b13d405e8255c2d730102903c05fbeb
SRR33986260	2	data/raw/fastq/SRR33986260/SRR33986260_2.fastq.gz	https://ftp.sra.ebi.ac.uk/vol1/fastq/SRR339/060/SRR33986260/SRR33986260_2.fastq.gz	1578238713	f3221a7351ffe4a40fd843e8b09e8f4d
SRR33986264	1	data/raw/fastq/SRR33986264/SRR33986264_1.fastq.gz	https://ftp.sra.ebi.ac.uk/vol1/fastq/SRR339/064/SRR33986264/SRR33986264_1.fastq.gz	1448243413	bd0b617a73913fb9650b4a2b9a4ba0db
SRR33986264	2	data/raw/fastq/SRR33986264/SRR33986264_2.fastq.gz	https://ftp.sra.ebi.ac.uk/vol1/fastq/SRR339/064/SRR33986264/SRR33986264_2.fastq.gz	1471734947	a8868383e630fd341e6f49c8dd1e7001
SRR33986265	1	data/raw/fastq/SRR33986265/SRR33986265_1.fastq.gz	https://ftp.sra.ebi.ac.uk/vol1/fastq/SRR339/065/SRR33986265/SRR33986265_1.fastq.gz	1771294478	0e34e90feea89f4b53df74bc9aec1067
SRR33986265	2	data/raw/fastq/SRR33986265/SRR33986265_2.fastq.gz	https://ftp.sra.ebi.ac.uk/vol1/fastq/SRR339/065/SRR33986265/SRR33986265_2.fastq.gz	1794607754	d99f7c7a950c7f247ecd07895f4e6932
SRR33986270	1	data/raw/fastq/SRR33986270/SRR33986270_1.fastq.gz	https://ftp.sra.ebi.ac.uk/vol1/fastq/SRR339/070/SRR33986270/SRR33986270_1.fastq.gz	1563652638	a1cdc05778710cdd9d777fdae2229737
SRR33986270	2	data/raw/fastq/SRR33986270/SRR33986270_2.fastq.gz	https://ftp.sra.ebi.ac.uk/vol1/fastq/SRR339/070/SRR33986270/SRR33986270_2.fastq.gz	1585065336	77b84974e86fe3a48e4ae57c7d5b5b21
SRR33986275	1	data/raw/fastq/SRR33986275/SRR33986275_1.fastq.gz	https://ftp.sra.ebi.ac.uk/vol1/fastq/SRR339/075/SRR33986275/SRR33986275_1.fastq.gz	1619745810	3d4a74da5ebd27abde30c3b46dbed7f9
SRR33986275	2	data/raw/fastq/SRR33986275/SRR33986275_2.fastq.gz	https://ftp.sra.ebi.ac.uk/vol1/fastq/SRR339/075/SRR33986275/SRR33986275_2.fastq.gz	1657933864	e8f8473f5a38c991236aa6889f327914
SRR33986263	1	data/raw/fastq/SRR33986263/SRR33986263_1.fastq.gz	https://ftp.sra.ebi.ac.uk/vol1/fastq/SRR339/063/SRR33986263/SRR33986263_1.fastq.gz	1586305101	491322619640e2987393efda67af8c17
SRR33986263	2	data/raw/fastq/SRR33986263/SRR33986263_2.fastq.gz	https://ftp.sra.ebi.ac.uk/vol1/fastq/SRR339/063/SRR33986263/SRR33986263_2.fastq.gz	1610282707	d5bea1694c5ee90f8548331b58c71d5d
SRR33986273	1	data/raw/fastq/SRR33986273/SRR33986273_1.fastq.gz	https://ftp.sra.ebi.ac.uk/vol1/fastq/SRR339/073/SRR33986273/SRR33986273_1.fastq.gz	1576534885	ec20d646bb2740597a5855175614fe77
SRR33986273	2	data/raw/fastq/SRR33986273/SRR33986273_2.fastq.gz	https://ftp.sra.ebi.ac.uk/vol1/fastq/SRR339/073/SRR33986273/SRR33986273_2.fastq.gz	1595919971	e3d32b573bb94c29e7a18ac492429067
SRR33986267	1	data/raw/fastq/SRR33986267/SRR33986267_1.fastq.gz	https://ftp.sra.ebi.ac.uk/vol1/fastq/SRR339/067/SRR33986267/SRR33986267_1.fastq.gz	1800284005	54406745a524558d9f15822f369c9b26
SRR33986267	2	data/raw/fastq/SRR33986267/SRR33986267_2.fastq.gz	https://ftp.sra.ebi.ac.uk/vol1/fastq/SRR339/067/SRR33986267/SRR33986267_2.fastq.gz	1829502569	7421f4179f74653a341cc28e4dfde1d5
SRR33986269	1	data/raw/fastq/SRR33986269/SRR33986269_1.fastq.gz	https://ftp.sra.ebi.ac.uk/vol1/fastq/SRR339/069/SRR33986269/SRR33986269_1.fastq.gz	1596082087	32f5a7f1f383ae1c82e621c775b65eb5
SRR33986269	2	data/raw/fastq/SRR33986269/SRR33986269_2.fastq.gz	https://ftp.sra.ebi.ac.uk/vol1/fastq/SRR339/069/SRR33986269/SRR33986269_2.fastq.gz	1616202059	8880fa1324379e978bea43bf60c04fdc
SRR33986272	1	data/raw/fastq/SRR33986272/SRR33986272_1.fastq.gz	https://ftp.sra.ebi.ac.uk/vol1/fastq/SRR339/072/SRR33986272/SRR33986272_1.fastq.gz	1699643248	2a81a16a8a1ba4194d8f4956715f47f9
SRR33986272	2	data/raw/fastq/SRR33986272/SRR33986272_2.fastq.gz	https://ftp.sra.ebi.ac.uk/vol1/fastq/SRR339/072/SRR33986272/SRR33986272_2.fastq.gz	1721785081	7c9daaa5a4f81f0925167d9995400603
SRR33986276	1	data/raw/fastq/SRR33986276/SRR33986276_1.fastq.gz	https://ftp.sra.ebi.ac.uk/vol1/fastq/SRR339/076/SRR33986276/SRR33986276_1.fastq.gz	1702387060	f47658283b8c38ab2deac4a23b7c3151
SRR33986276	2	data/raw/fastq/SRR33986276/SRR33986276_2.fastq.gz	https://ftp.sra.ebi.ac.uk/vol1/fastq/SRR339/076/SRR33986276/SRR33986276_2.fastq.gz	1722780639	6c24b6c2a89eea9de2fdbc1bc8306c69
SRR33986277	1	data/raw/fastq/SRR33986277/SRR33986277_1.fastq.gz	https://ftp.sra.ebi.ac.uk/vol1/fastq/SRR339/077/SRR33986277/SRR33986277_1.fastq.gz	1596338789	a2fecf397df8f319e54702a475d3e0b4
SRR33986277	2	data/raw/fastq/SRR33986277/SRR33986277_2.fastq.gz	https://ftp.sra.ebi.ac.uk/vol1/fastq/SRR339/077/SRR33986277/SRR33986277_2.fastq.gz	1619335319	68286a4b36027ea47c35ddee7ab62061
SRR33986261	1	data/raw/fastq/SRR33986261/SRR33986261_1.fastq.gz	https://ftp.sra.ebi.ac.uk/vol1/fastq/SRR339/061/SRR33986261/SRR33986261_1.fastq.gz	1740167066	6db6b38d357733dbe3fda72b690e35d9
SRR33986261	2	data/raw/fastq/SRR33986261/SRR33986261_2.fastq.gz	https://ftp.sra.ebi.ac.uk/vol1/fastq/SRR339/061/SRR33986261/SRR33986261_2.fastq.gz	1770133582	87acd4c09fe4ce2b7d7c7303d5607457
SRR33986262	1	data/raw/fastq/SRR33986262/SRR33986262_1.fastq.gz	https://ftp.sra.ebi.ac.uk/vol1/fastq/SRR339/062/SRR33986262/SRR33986262_1.fastq.gz	1642090673	9286d40a66734bfad14ea2226cf9c668
SRR33986262	2	data/raw/fastq/SRR33986262/SRR33986262_2.fastq.gz	https://ftp.sra.ebi.ac.uk/vol1/fastq/SRR339/062/SRR33986262/SRR33986262_2.fastq.gz	1668089649	0164625ee923bd56cb56afa4bb34a043
SRR33986266	1	data/raw/fastq/SRR33986266/SRR33986266_1.fastq.gz	https://ftp.sra.ebi.ac.uk/vol1/fastq/SRR339/066/SRR33986266/SRR33986266_1.fastq.gz	1623369318	bedf9c5f6f1c264472b6912e29ccbc6e
SRR33986266	2	data/raw/fastq/SRR33986266/SRR33986266_2.fastq.gz	https://ftp.sra.ebi.ac.uk/vol1/fastq/SRR339/066/SRR33986266/SRR33986266_2.fastq.gz	1635786310	b2473a314eb9dffbcb8727cb5622b9bb
SRR33986271	1	data/raw/fastq/SRR33986271/SRR33986271_1.fastq.gz	https://ftp.sra.ebi.ac.uk/vol1/fastq/SRR339/071/SRR33986271/SRR33986271_1.fastq.gz	1943727611	fdc606e8dfd7f8aae1b8957d7307a1a4
SRR33986271	2	data/raw/fastq/SRR33986271/SRR33986271_2.fastq.gz	https://ftp.sra.ebi.ac.uk/vol1/fastq/SRR339/071/SRR33986271/SRR33986271_2.fastq.gz	1970960711	0fbfa7752f8ace0699107b08af08b0a9
ERR6350169	1	data/raw/fastq/ERR6350169/ERR6350169_1.fastq.gz	https://ftp.sra.ebi.ac.uk/vol1/fastq/ERR635/009/ERR6350169/ERR6350169_1.fastq.gz	355020590	3cfd0b3bf137067e1676e31b25b2092c
ERR6350169	2	data/raw/fastq/ERR6350169/ERR6350169_2.fastq.gz	https://ftp.sra.ebi.ac.uk/vol1/fastq/ERR635/009/ERR6350169/ERR6350169_2.fastq.gz	373944847	bdfd76b3952d7bfc44ad0fbc5f47cb40
ERR6350170	1	data/raw/fastq/ERR6350170/ERR6350170_1.fastq.gz	https://ftp.sra.ebi.ac.uk/vol1/fastq/ERR635/000/ERR6350170/ERR6350170_1.fastq.gz	468374438	ea6d27fa9dff6782927ee8ecb578521e
ERR6350170	2	data/raw/fastq/ERR6350170/ERR6350170_2.fastq.gz	https://ftp.sra.ebi.ac.uk/vol1/fastq/ERR635/000/ERR6350170/ERR6350170_2.fastq.gz	499302695	f977a7b1cb815aa35c0df6e0553a7cde
ERR6350171	1	data/raw/fastq/ERR6350171/ERR6350171_1.fastq.gz	https://ftp.sra.ebi.ac.uk/vol1/fastq/ERR635/001/ERR6350171/ERR6350171_1.fastq.gz	380754364	149b145325e2e8ae76c6671f0c5c4e1d
ERR6350171	2	data/raw/fastq/ERR6350171/ERR6350171_2.fastq.gz	https://ftp.sra.ebi.ac.uk/vol1/fastq/ERR635/001/ERR6350171/ERR6350171_2.fastq.gz	399867300	7157c3b4f3e0e787fbe8ce833c3d028a
ERR6350160	1	data/raw/fastq/ERR6350160/ERR6350160_1.fastq.gz	https://ftp.sra.ebi.ac.uk/vol1/fastq/ERR635/000/ERR6350160/ERR6350160_1.fastq.gz	364298088	f2c51d9d88786375cc6618aa5dea5855
ERR6350160	2	data/raw/fastq/ERR6350160/ERR6350160_2.fastq.gz	https://ftp.sra.ebi.ac.uk/vol1/fastq/ERR635/000/ERR6350160/ERR6350160_2.fastq.gz	399696300	9195d6920af6e3fb5cfa3e521b4ab0a0
ERR6350161	1	data/raw/fastq/ERR6350161/ERR6350161_1.fastq.gz	https://ftp.sra.ebi.ac.uk/vol1/fastq/ERR635/001/ERR6350161/ERR6350161_1.fastq.gz	373157826	e5e3a15dd10f2094f5e91fd44416a675
ERR6350161	2	data/raw/fastq/ERR6350161/ERR6350161_2.fastq.gz	https://ftp.sra.ebi.ac.uk/vol1/fastq/ERR635/001/ERR6350161/ERR6350161_2.fastq.gz	396883209	576a309d4fe9e6d3917befb38fd33ff3
ERR6350162	1	data/raw/fastq/ERR6350162/ERR6350162_1.fastq.gz	https://ftp.sra.ebi.ac.uk/vol1/fastq/ERR635/002/ERR6350162/ERR6350162_1.fastq.gz	512916858	c65cc90665163638454f2197ac3805bb
ERR6350162	2	data/raw/fastq/ERR6350162/ERR6350162_2.fastq.gz	https://ftp.sra.ebi.ac.uk/vol1/fastq/ERR635/002/ERR6350162/ERR6350162_2.fastq.gz	538800160	727a5149244fd6a8fe997bffc0d5c322
ERR6350172	1	data/raw/fastq/ERR6350172/ERR6350172_1.fastq.gz	https://ftp.sra.ebi.ac.uk/vol1/fastq/ERR635/002/ERR6350172/ERR6350172_1.fastq.gz	454186783	c1d23e319fa73ea70e175c3a9f7d4140
ERR6350172	2	data/raw/fastq/ERR6350172/ERR6350172_2.fastq.gz	https://ftp.sra.ebi.ac.uk/vol1/fastq/ERR635/002/ERR6350172/ERR6350172_2.fastq.gz	463200290	7d217b439591f23733d1c092106fee1f
ERR6350173	1	data/raw/fastq/ERR6350173/ERR6350173_1.fastq.gz	https://ftp.sra.ebi.ac.uk/vol1/fastq/ERR635/003/ERR6350173/ERR6350173_1.fastq.gz	431604609	e4fb10d371f081d31b324b297cf1f38d
ERR6350173	2	data/raw/fastq/ERR6350173/ERR6350173_2.fastq.gz	https://ftp.sra.ebi.ac.uk/vol1/fastq/ERR635/003/ERR6350173/ERR6350173_2.fastq.gz	463943244	6999a1e0091fcb6003cd66b9b4e5f806
ERR6350174	1	data/raw/fastq/ERR6350174/ERR6350174_1.fastq.gz	https://ftp.sra.ebi.ac.uk/vol1/fastq/ERR635/004/ERR6350174/ERR6350174_1.fastq.gz	474022868	e4a1170acd09eae128263b6bea24b612
ERR6350174	2	data/raw/fastq/ERR6350174/ERR6350174_2.fastq.gz	https://ftp.sra.ebi.ac.uk/vol1/fastq/ERR635/004/ERR6350174/ERR6350174_2.fastq.gz	513358052	b4004317fc7bfd1d2a32a06fac84f86a
ERR6350163	1	data/raw/fastq/ERR6350163/ERR6350163_1.fastq.gz	https://ftp.sra.ebi.ac.uk/vol1/fastq/ERR635/003/ERR6350163/ERR6350163_1.fastq.gz	437949501	7469cb975f126169c10817a9ca03c694
ERR6350163	2	data/raw/fastq/ERR6350163/ERR6350163_2.fastq.gz	https://ftp.sra.ebi.ac.uk/vol1/fastq/ERR635/003/ERR6350163/ERR6350163_2.fastq.gz	469699959	36c15bdf8a3f9e461ffbfe8abbfc807a
ERR6350164	1	data/raw/fastq/ERR6350164/ERR6350164_1.fastq.gz	https://ftp.sra.ebi.ac.uk/vol1/fastq/ERR635/004/ERR6350164/ERR6350164_1.fastq.gz	365137824	8672f0adf8c21488d7a11155c52b3404
ERR6350164	2	data/raw/fastq/ERR6350164/ERR6350164_2.fastq.gz	https://ftp.sra.ebi.ac.uk/vol1/fastq/ERR635/004/ERR6350164/ERR6350164_2.fastq.gz	386677846	1f153309ad5b8bdf6f47641c273053ab
ERR6350165	1	data/raw/fastq/ERR6350165/ERR6350165_1.fastq.gz	https://ftp.sra.ebi.ac.uk/vol1/fastq/ERR635/005/ERR6350165/ERR6350165_1.fastq.gz	394639112	f7fcaad510921eec0e85f1045c12659b
ERR6350165	2	data/raw/fastq/ERR6350165/ERR6350165_2.fastq.gz	https://ftp.sra.ebi.ac.uk/vol1/fastq/ERR635/005/ERR6350165/ERR6350165_2.fastq.gz	417283040	05fbc0596c2238ba7cd3011baadf6fa2
ERR6350166	1	data/raw/fastq/ERR6350166/ERR6350166_1.fastq.gz	https://ftp.sra.ebi.ac.uk/vol1/fastq/ERR635/006/ERR6350166/ERR6350166_1.fastq.gz	474344405	96e0b7cb02d4784ca15441148904945b
ERR6350166	2	data/raw/fastq/ERR6350166/ERR6350166_2.fastq.gz	https://ftp.sra.ebi.ac.uk/vol1/fastq/ERR635/006/ERR6350166/ERR6350166_2.fastq.gz	515743484	49de7ad762b4f388653d638759c3076f
ERR6350167	1	data/raw/fastq/ERR6350167/ERR6350167_1.fastq.gz	https://ftp.sra.ebi.ac.uk/vol1/fastq/ERR635/007/ERR6350167/ERR6350167_1.fastq.gz	409432765	e4af667ec331317cbd12edca98efb521
ERR6350167	2	data/raw/fastq/ERR6350167/ERR6350167_2.fastq.gz	https://ftp.sra.ebi.ac.uk/vol1/fastq/ERR635/007/ERR6350167/ERR6350167_2.fastq.gz	428526455	7106ef0ab72f4ba7e40e588df930ee3a
ERR6350168	1	data/raw/fastq/ERR6350168/ERR6350168_1.fastq.gz	https://ftp.sra.ebi.ac.uk/vol1/fastq/ERR635/008/ERR6350168/ERR6350168_1.fastq.gz	373819917	980655af4a1d3fcfd068931253451c20
ERR6350168	2	data/raw/fastq/ERR6350168/ERR6350168_2.fastq.gz	https://ftp.sra.ebi.ac.uk/vol1/fastq/ERR635/008/ERR6350168/ERR6350168_2.fastq.gz	406560401	681dba87a1fc45b841ff51f360978850
ERR6350157	1	data/raw/fastq/ERR6350157/ERR6350157_1.fastq.gz	https://ftp.sra.ebi.ac.uk/vol1/fastq/ERR635/007/ERR6350157/ERR6350157_1.fastq.gz	491889880	0cc746d7f72bcd187b47226d7f9cf8b1
ERR6350157	2	data/raw/fastq/ERR6350157/ERR6350157_2.fastq.gz	https://ftp.sra.ebi.ac.uk/vol1/fastq/ERR635/007/ERR6350157/ERR6350157_2.fastq.gz	519999595	5f8c73f33fe3f0234baadae8ebbbd6c0
ERR6350158	1	data/raw/fastq/ERR6350158/ERR6350158_1.fastq.gz	https://ftp.sra.ebi.ac.uk/vol1/fastq/ERR635/008/ERR6350158/ERR6350158_1.fastq.gz	513844710	add3e8508f6be2871bbc87315fd4542a
ERR6350158	2	data/raw/fastq/ERR6350158/ERR6350158_2.fastq.gz	https://ftp.sra.ebi.ac.uk/vol1/fastq/ERR635/008/ERR6350158/ERR6350158_2.fastq.gz	542730704	7fe0a76c9d975c75408da84b1921b24c
ERR6350159	1	data/raw/fastq/ERR6350159/ERR6350159_1.fastq.gz	https://ftp.sra.ebi.ac.uk/vol1/fastq/ERR635/009/ERR6350159/ERR6350159_1.fastq.gz	452862424	5288b647dc7faf314a8a197af5728403
ERR6350159	2	data/raw/fastq/ERR6350159/ERR6350159_2.fastq.gz	https://ftp.sra.ebi.ac.uk/vol1/fastq/ERR635/009/ERR6350159/ERR6350159_2.fastq.gz	483519999	52e588a3603c71eb61ecbc9fe8fbb093
ERR6350187	1	data/raw/fastq/ERR6350187/ERR6350187_1.fastq.gz	https://ftp.sra.ebi.ac.uk/vol1/fastq/ERR635/007/ERR6350187/ERR6350187_1.fastq.gz	427710133	cde2c9b452a2e84b3ae9c4fb499fa580
ERR6350187	2	data/raw/fastq/ERR6350187/ERR6350187_2.fastq.gz	https://ftp.sra.ebi.ac.uk/vol1/fastq/ERR635/007/ERR6350187/ERR6350187_2.fastq.gz	456694469	2fb4d5776c48d223e469a74a56a585bc
ERR6350188	1	data/raw/fastq/ERR6350188/ERR6350188_1.fastq.gz	https://ftp.sra.ebi.ac.uk/vol1/fastq/ERR635/008/ERR6350188/ERR6350188_1.fastq.gz	395745249	6eb9f3ba84de7f766c6f4bbd7fe22164
ERR6350188	2	data/raw/fastq/ERR6350188/ERR6350188_2.fastq.gz	https://ftp.sra.ebi.ac.uk/vol1/fastq/ERR635/008/ERR6350188/ERR6350188_2.fastq.gz	415941703	d2f15b7bb1d3d6f1aafb7ad1da15e752
ERR6350189	1	data/raw/fastq/ERR6350189/ERR6350189_1.fastq.gz	https://ftp.sra.ebi.ac.uk/vol1/fastq/ERR635/009/ERR6350189/ERR6350189_1.fastq.gz	401138971	42390a28f03a3011e1084e880454fb1e
ERR6350189	2	data/raw/fastq/ERR6350189/ERR6350189_2.fastq.gz	https://ftp.sra.ebi.ac.uk/vol1/fastq/ERR635/009/ERR6350189/ERR6350189_2.fastq.gz	418493974	899bb86f87bc1d58476e4434b8746607
ERR6350178	1	data/raw/fastq/ERR6350178/ERR6350178_1.fastq.gz	https://ftp.sra.ebi.ac.uk/vol1/fastq/ERR635/008/ERR6350178/ERR6350178_1.fastq.gz	512693368	ec7aa2c17b4f0a89f928fc883c4def01
ERR6350178	2	data/raw/fastq/ERR6350178/ERR6350178_2.fastq.gz	https://ftp.sra.ebi.ac.uk/vol1/fastq/ERR635/008/ERR6350178/ERR6350178_2.fastq.gz	546756409	3479368da3e868cdddfa3eed11eede82
ERR6350179	1	data/raw/fastq/ERR6350179/ERR6350179_1.fastq.gz	https://ftp.sra.ebi.ac.uk/vol1/fastq/ERR635/009/ERR6350179/ERR6350179_1.fastq.gz	338181920	b8944ad251f2ce2e68d55b88ad3da1e9
ERR6350179	2	data/raw/fastq/ERR6350179/ERR6350179_2.fastq.gz	https://ftp.sra.ebi.ac.uk/vol1/fastq/ERR635/009/ERR6350179/ERR6350179_2.fastq.gz	363892408	60a9bb37b5ef87886c8a0fed12eb71bc
ERR6350180	1	data/raw/fastq/ERR6350180/ERR6350180_1.fastq.gz	https://ftp.sra.ebi.ac.uk/vol1/fastq/ERR635/000/ERR6350180/ERR6350180_1.fastq.gz	447269955	6c8cd7b39c82376bef1c92131698f2ca
ERR6350180	2	data/raw/fastq/ERR6350180/ERR6350180_2.fastq.gz	https://ftp.sra.ebi.ac.uk/vol1/fastq/ERR635/000/ERR6350180/ERR6350180_2.fastq.gz	498511100	ab603bffb41b3a0d40e6b2d5f7b3dc54
ERR6350190	1	data/raw/fastq/ERR6350190/ERR6350190_1.fastq.gz	https://ftp.sra.ebi.ac.uk/vol1/fastq/ERR635/000/ERR6350190/ERR6350190_1.fastq.gz	365413680	2dc8bc85a40a2b687fbae433be4091cd
ERR6350190	2	data/raw/fastq/ERR6350190/ERR6350190_2.fastq.gz	https://ftp.sra.ebi.ac.uk/vol1/fastq/ERR635/000/ERR6350190/ERR6350190_2.fastq.gz	401618377	190062ec61bd0db043d7388e4468d60d
ERR6350191	1	data/raw/fastq/ERR6350191/ERR6350191_1.fastq.gz	https://ftp.sra.ebi.ac.uk/vol1/fastq/ERR635/001/ERR6350191/ERR6350191_1.fastq.gz	399773527	449ca29d8641778bab90dfb6e08c1811
ERR6350191	2	data/raw/fastq/ERR6350191/ERR6350191_2.fastq.gz	https://ftp.sra.ebi.ac.uk/vol1/fastq/ERR635/001/ERR6350191/ERR6350191_2.fastq.gz	421313241	63be1e137154602ed687dbf15b975b1d
ERR6350192	1	data/raw/fastq/ERR6350192/ERR6350192_1.fastq.gz	https://ftp.sra.ebi.ac.uk/vol1/fastq/ERR635/002/ERR6350192/ERR6350192_1.fastq.gz	392658202	f61266613cf1fed2676f4107dc24d5f7
ERR6350192	2	data/raw/fastq/ERR6350192/ERR6350192_2.fastq.gz	https://ftp.sra.ebi.ac.uk/vol1/fastq/ERR635/002/ERR6350192/ERR6350192_2.fastq.gz	407048536	746925f25385a37502d184e2a1c1351e
ERR6350181	1	data/raw/fastq/ERR6350181/ERR6350181_1.fastq.gz	https://ftp.sra.ebi.ac.uk/vol1/fastq/ERR635/001/ERR6350181/ERR6350181_1.fastq.gz	414664810	d73f84d6a7dc8fd65f48b461dd05a38d
ERR6350181	2	data/raw/fastq/ERR6350181/ERR6350181_2.fastq.gz	https://ftp.sra.ebi.ac.uk/vol1/fastq/ERR635/001/ERR6350181/ERR6350181_2.fastq.gz	435571150	e65e0a3c876f0b8fe65fc98a2764def6
ERR6350182	1	data/raw/fastq/ERR6350182/ERR6350182_1.fastq.gz	https://ftp.sra.ebi.ac.uk/vol1/fastq/ERR635/002/ERR6350182/ERR6350182_1.fastq.gz	444623479	75b7b420bdc395d19fbc0e3257726ae4
ERR6350182	2	data/raw/fastq/ERR6350182/ERR6350182_2.fastq.gz	https://ftp.sra.ebi.ac.uk/vol1/fastq/ERR635/002/ERR6350182/ERR6350182_2.fastq.gz	469113766	62c1b0a10bb631334bba85e207865eb4
ERR6350183	1	data/raw/fastq/ERR6350183/ERR6350183_1.fastq.gz	https://ftp.sra.ebi.ac.uk/vol1/fastq/ERR635/003/ERR6350183/ERR6350183_1.fastq.gz	382612420	894cd3c4fabd16ca680946dc54ba5a3d
ERR6350183	2	data/raw/fastq/ERR6350183/ERR6350183_2.fastq.gz	https://ftp.sra.ebi.ac.uk/vol1/fastq/ERR635/003/ERR6350183/ERR6350183_2.fastq.gz	405065258	be3a72a79cdb9667b2732739dbe9ce6d
ERR6350184	1	data/raw/fastq/ERR6350184/ERR6350184_1.fastq.gz	https://ftp.sra.ebi.ac.uk/vol1/fastq/ERR635/004/ERR6350184/ERR6350184_1.fastq.gz	382948014	a356ae467f3a722ba52e89ac0360b63d
ERR6350184	2	data/raw/fastq/ERR6350184/ERR6350184_2.fastq.gz	https://ftp.sra.ebi.ac.uk/vol1/fastq/ERR635/004/ERR6350184/ERR6350184_2.fastq.gz	407023551	9cb22d6205a37b32d97a07346b68adca
ERR6350185	1	data/raw/fastq/ERR6350185/ERR6350185_1.fastq.gz	https://ftp.sra.ebi.ac.uk/vol1/fastq/ERR635/005/ERR6350185/ERR6350185_1.fastq.gz	502043680	5fd2d52a8da70d8ecf7776b7eb06f014
ERR6350185	2	data/raw/fastq/ERR6350185/ERR6350185_2.fastq.gz	https://ftp.sra.ebi.ac.uk/vol1/fastq/ERR635/005/ERR6350185/ERR6350185_2.fastq.gz	539490500	023720b506988c10746d3ecf2790dd55
ERR6350186	1	data/raw/fastq/ERR6350186/ERR6350186_1.fastq.gz	https://ftp.sra.ebi.ac.uk/vol1/fastq/ERR635/006/ERR6350186/ERR6350186_1.fastq.gz	431979973	8a83109650c498cf875898f9a4d10e15
ERR6350186	2	data/raw/fastq/ERR6350186/ERR6350186_2.fastq.gz	https://ftp.sra.ebi.ac.uk/vol1/fastq/ERR635/006/ERR6350186/ERR6350186_2.fastq.gz	464903729	954d3964bbeab952a47a45528000e981
ERR6350175	1	data/raw/fastq/ERR6350175/ERR6350175_1.fastq.gz	https://ftp.sra.ebi.ac.uk/vol1/fastq/ERR635/005/ERR6350175/ERR6350175_1.fastq.gz	436337333	eb496147477a2918d9430f6747dd0f01
ERR6350175	2	data/raw/fastq/ERR6350175/ERR6350175_2.fastq.gz	https://ftp.sra.ebi.ac.uk/vol1/fastq/ERR635/005/ERR6350175/ERR6350175_2.fastq.gz	443579322	3d51ca8e9e5a332180992145b769d634
ERR6350176	1	data/raw/fastq/ERR6350176/ERR6350176_1.fastq.gz	https://ftp.sra.ebi.ac.uk/vol1/fastq/ERR635/006/ERR6350176/ERR6350176_1.fastq.gz	380156129	cfbe6d5e39cfab6f15bf947dc60a07fb
ERR6350176	2	data/raw/fastq/ERR6350176/ERR6350176_2.fastq.gz	https://ftp.sra.ebi.ac.uk/vol1/fastq/ERR635/006/ERR6350176/ERR6350176_2.fastq.gz	402450289	883219ce61633c7df5a7eb1639e5b7a4
ERR6350177	1	data/raw/fastq/ERR6350177/ERR6350177_1.fastq.gz	https://ftp.sra.ebi.ac.uk/vol1/fastq/ERR635/007/ERR6350177/ERR6350177_1.fastq.gz	417134139	73cbabcdef128874213099b7fc4b4baf
ERR6350177	2	data/raw/fastq/ERR6350177/ERR6350177_2.fastq.gz	https://ftp.sra.ebi.ac.uk/vol1/fastq/ERR635/007/ERR6350177/ERR6350177_2.fastq.gz	428844937	a872bacb412780956a611d3c1f8d4673
SRR31221187	1	data/raw/fastq/SRR31221187/SRR31221187_1.fastq.gz	https://ftp.sra.ebi.ac.uk/vol1/fastq/SRR312/087/SRR31221187/SRR31221187_1.fastq.gz	4391574428	731735df49e42589664db4a83f78e282
SRR31221187	2	data/raw/fastq/SRR31221187/SRR31221187_2.fastq.gz	https://ftp.sra.ebi.ac.uk/vol1/fastq/SRR312/087/SRR31221187/SRR31221187_2.fastq.gz	4606385142	d310aaa428effc79ffb2277d3bfd42f9
SRR31221174	1	data/raw/fastq/SRR31221174/SRR31221174_1.fastq.gz	https://ftp.sra.ebi.ac.uk/vol1/fastq/SRR312/074/SRR31221174/SRR31221174_1.fastq.gz	4380860935	debf589adf062b2bf28fa83d55899f20
SRR31221174	2	data/raw/fastq/SRR31221174/SRR31221174_2.fastq.gz	https://ftp.sra.ebi.ac.uk/vol1/fastq/SRR312/074/SRR31221174/SRR31221174_2.fastq.gz	4609777306	457f1072c2fa699e1b2f2cafad8ac5f3
SRR31221166	1	data/raw/fastq/SRR31221166/SRR31221166_1.fastq.gz	https://ftp.sra.ebi.ac.uk/vol1/fastq/SRR312/066/SRR31221166/SRR31221166_1.fastq.gz	4389180066	563f32fb06f31586cefea9b2c7451ad5
SRR31221166	2	data/raw/fastq/SRR31221166/SRR31221166_2.fastq.gz	https://ftp.sra.ebi.ac.uk/vol1/fastq/SRR312/066/SRR31221166/SRR31221166_2.fastq.gz	4577992734	f37f3dbbd91c232f567315720c594784
SRR31221186	1	data/raw/fastq/SRR31221186/SRR31221186_1.fastq.gz	https://ftp.sra.ebi.ac.uk/vol1/fastq/SRR312/086/SRR31221186/SRR31221186_1.fastq.gz	4372438820	3bc5ae148514f3e01a49fcd59c6813a3
SRR31221186	2	data/raw/fastq/SRR31221186/SRR31221186_2.fastq.gz	https://ftp.sra.ebi.ac.uk/vol1/fastq/SRR312/086/SRR31221186/SRR31221186_2.fastq.gz	4607226940	25df581fe03a9046b61656af2a5c4b73
SRR31221173	1	data/raw/fastq/SRR31221173/SRR31221173_1.fastq.gz	https://ftp.sra.ebi.ac.uk/vol1/fastq/SRR312/073/SRR31221173/SRR31221173_1.fastq.gz	4423458973	c52759ebed2f9b01e7b119ef622fd437
SRR31221173	2	data/raw/fastq/SRR31221173/SRR31221173_2.fastq.gz	https://ftp.sra.ebi.ac.uk/vol1/fastq/SRR312/073/SRR31221173/SRR31221173_2.fastq.gz	4723944751	d15d6f1e7edf3566620ba670739fe833
SRR31221165	1	data/raw/fastq/SRR31221165/SRR31221165_1.fastq.gz	https://ftp.sra.ebi.ac.uk/vol1/fastq/SRR312/065/SRR31221165/SRR31221165_1.fastq.gz	4448433896	90b16b893d1060650f63ae51aa306466
SRR31221165	2	data/raw/fastq/SRR31221165/SRR31221165_2.fastq.gz	https://ftp.sra.ebi.ac.uk/vol1/fastq/SRR312/065/SRR31221165/SRR31221165_2.fastq.gz	4621578946	be85eb8793f7422243cc99fc2c7c5b8a
SRR35220185	1	data/raw/fastq/SRR35220185/SRR35220185_1.fastq.gz	https://ftp.sra.ebi.ac.uk/vol1/fastq/SRR352/085/SRR35220185/SRR35220185_1.fastq.gz	2411717723	ce9427330b56b162451ae11746c896fa
SRR35220185	2	data/raw/fastq/SRR35220185/SRR35220185_2.fastq.gz	https://ftp.sra.ebi.ac.uk/vol1/fastq/SRR352/085/SRR35220185/SRR35220185_2.fastq.gz	2475361571	c8dbfac77b6a89c6cb755c7f459f05bc
SRR35220183	1	data/raw/fastq/SRR35220183/SRR35220183_1.fastq.gz	https://ftp.sra.ebi.ac.uk/vol1/fastq/SRR352/083/SRR35220183/SRR35220183_1.fastq.gz	2959232008	2ba1388fae3bd7634301f96cef33dedd
SRR35220183	2	data/raw/fastq/SRR35220183/SRR35220183_2.fastq.gz	https://ftp.sra.ebi.ac.uk/vol1/fastq/SRR352/083/SRR35220183/SRR35220183_2.fastq.gz	3041578267	391ec8d2f1d455938c2177fb13250201
SRR35220179	1	data/raw/fastq/SRR35220179/SRR35220179_1.fastq.gz	https://ftp.sra.ebi.ac.uk/vol1/fastq/SRR352/079/SRR35220179/SRR35220179_1.fastq.gz	1637090286	0ca316084599704830885103b10ab488
SRR35220179	2	data/raw/fastq/SRR35220179/SRR35220179_2.fastq.gz	https://ftp.sra.ebi.ac.uk/vol1/fastq/SRR352/079/SRR35220179/SRR35220179_2.fastq.gz	1676913535	9cdf01dc6dd95c3a76e9db2790c0edc0
SRR35220178	1	data/raw/fastq/SRR35220178/SRR35220178_1.fastq.gz	https://ftp.sra.ebi.ac.uk/vol1/fastq/SRR352/078/SRR35220178/SRR35220178_1.fastq.gz	2802291438	64993479d6326e94b3f8eee5f4c9403a
SRR35220178	2	data/raw/fastq/SRR35220178/SRR35220178_2.fastq.gz	https://ftp.sra.ebi.ac.uk/vol1/fastq/SRR352/078/SRR35220178/SRR35220178_2.fastq.gz	2867283989	e603d27d0117bf04bc786a5970650abb
SRR35220177	1	data/raw/fastq/SRR35220177/SRR35220177_1.fastq.gz	https://ftp.sra.ebi.ac.uk/vol1/fastq/SRR352/077/SRR35220177/SRR35220177_1.fastq.gz	2098513091	0b0e45901e9f010385c7d8ff071ec187
SRR35220177	2	data/raw/fastq/SRR35220177/SRR35220177_2.fastq.gz	https://ftp.sra.ebi.ac.uk/vol1/fastq/SRR352/077/SRR35220177/SRR35220177_2.fastq.gz	2130591709	f8667ccc07f887171c7c562f80c8d2a2
ERR10612924	1	data/raw/fastq/ERR10612924/ERR10612924_1.fastq.gz	https://ftp.sra.ebi.ac.uk/vol1/fastq/ERR106/024/ERR10612924/ERR10612924_1.fastq.gz	539893866	641755f48cae31ac16a106c8c9e0b922
ERR10612924	2	data/raw/fastq/ERR10612924/ERR10612924_2.fastq.gz	https://ftp.sra.ebi.ac.uk/vol1/fastq/ERR106/024/ERR10612924/ERR10612924_2.fastq.gz	597258733	e0c97499d05813489e7fbfc695d3bcc9
ERR10612925	1	data/raw/fastq/ERR10612925/ERR10612925_1.fastq.gz	https://ftp.sra.ebi.ac.uk/vol1/fastq/ERR106/025/ERR10612925/ERR10612925_1.fastq.gz	487193867	b034b534982d574218fe6699336bd497
ERR10612925	2	data/raw/fastq/ERR10612925/ERR10612925_2.fastq.gz	https://ftp.sra.ebi.ac.uk/vol1/fastq/ERR106/025/ERR10612925/ERR10612925_2.fastq.gz	554163898	1133cdcaf4e9ba88f1a177ba5fa20968
ERR10612923	1	data/raw/fastq/ERR10612923/ERR10612923_1.fastq.gz	https://ftp.sra.ebi.ac.uk/vol1/fastq/ERR106/023/ERR10612923/ERR10612923_1.fastq.gz	835834065	2c2a2650e69d8e4cf74f305463236d6d
ERR10612923	2	data/raw/fastq/ERR10612923/ERR10612923_2.fastq.gz	https://ftp.sra.ebi.ac.uk/vol1/fastq/ERR106/023/ERR10612923/ERR10612923_2.fastq.gz	883537785	4b0f2b9214ced385317678fac7324932
ERR10612935	1	data/raw/fastq/ERR10612935/ERR10612935_1.fastq.gz	https://ftp.sra.ebi.ac.uk/vol1/fastq/ERR106/035/ERR10612935/ERR10612935_1.fastq.gz	582095261	d6e0de9951e40e4f15e4cde9799494c6
ERR10612935	2	data/raw/fastq/ERR10612935/ERR10612935_2.fastq.gz	https://ftp.sra.ebi.ac.uk/vol1/fastq/ERR106/035/ERR10612935/ERR10612935_2.fastq.gz	666900682	86e10638f119210e971520a0be672ff6
ERR10612936	1	data/raw/fastq/ERR10612936/ERR10612936_1.fastq.gz	https://ftp.sra.ebi.ac.uk/vol1/fastq/ERR106/036/ERR10612936/ERR10612936_1.fastq.gz	537592304	8f66d8ab41e49663bec0c344b74739f7
ERR10612936	2	data/raw/fastq/ERR10612936/ERR10612936_2.fastq.gz	https://ftp.sra.ebi.ac.uk/vol1/fastq/ERR106/036/ERR10612936/ERR10612936_2.fastq.gz	562473797	3c6eb9a2e9a2f00614cb957f9382cbe8
ERR10612937	1	data/raw/fastq/ERR10612937/ERR10612937_1.fastq.gz	https://ftp.sra.ebi.ac.uk/vol1/fastq/ERR106/037/ERR10612937/ERR10612937_1.fastq.gz	497328250	abe7e1e40a24eadc7515434fbf5761b2
ERR10612937	2	data/raw/fastq/ERR10612937/ERR10612937_2.fastq.gz	https://ftp.sra.ebi.ac.uk/vol1/fastq/ERR106/037/ERR10612937/ERR10612937_2.fastq.gz	530673791	89043a471c7031b1d172c474d56aa32b
ERR10612948	1	data/raw/fastq/ERR10612948/ERR10612948_1.fastq.gz	https://ftp.sra.ebi.ac.uk/vol1/fastq/ERR106/048/ERR10612948/ERR10612948_1.fastq.gz	506004640	b565a560f3c929b95c3cd73e24ab77c0
ERR10612948	2	data/raw/fastq/ERR10612948/ERR10612948_2.fastq.gz	https://ftp.sra.ebi.ac.uk/vol1/fastq/ERR106/048/ERR10612948/ERR10612948_2.fastq.gz	518948107	e815eeacbf326c9e541b5868e124e988
ERR10612949	1	data/raw/fastq/ERR10612949/ERR10612949_1.fastq.gz	https://ftp.sra.ebi.ac.uk/vol1/fastq/ERR106/049/ERR10612949/ERR10612949_1.fastq.gz	683952422	dcbc18339345d65f921e643f4979bb19
ERR10612949	2	data/raw/fastq/ERR10612949/ERR10612949_2.fastq.gz	https://ftp.sra.ebi.ac.uk/vol1/fastq/ERR106/049/ERR10612949/ERR10612949_2.fastq.gz	714510705	0f6214841dce8f8c74465c6a2bb3e1b0
ERR10612947	1	data/raw/fastq/ERR10612947/ERR10612947_1.fastq.gz	https://ftp.sra.ebi.ac.uk/vol1/fastq/ERR106/047/ERR10612947/ERR10612947_1.fastq.gz	697660019	0e3e8f0b712b1f7823e7e5cb469cc5a0
ERR10612947	2	data/raw/fastq/ERR10612947/ERR10612947_2.fastq.gz	https://ftp.sra.ebi.ac.uk/vol1/fastq/ERR106/047/ERR10612947/ERR10612947_2.fastq.gz	781242940	ab8248823bf352829984f70e5fa2f7ea
ERR10612960	1	data/raw/fastq/ERR10612960/ERR10612960_1.fastq.gz	https://ftp.sra.ebi.ac.uk/vol1/fastq/ERR106/060/ERR10612960/ERR10612960_1.fastq.gz	517477982	f786e9ea2f622e48cd0e72ecb0f55681
ERR10612960	2	data/raw/fastq/ERR10612960/ERR10612960_2.fastq.gz	https://ftp.sra.ebi.ac.uk/vol1/fastq/ERR106/060/ERR10612960/ERR10612960_2.fastq.gz	575225774	34c0615f1461345c36093ac5b597243f
ERR10612959	1	data/raw/fastq/ERR10612959/ERR10612959_1.fastq.gz	https://ftp.sra.ebi.ac.uk/vol1/fastq/ERR106/059/ERR10612959/ERR10612959_1.fastq.gz	643975375	372b76563d6e9a611854bd83335baab1
ERR10612959	2	data/raw/fastq/ERR10612959/ERR10612959_2.fastq.gz	https://ftp.sra.ebi.ac.uk/vol1/fastq/ERR106/059/ERR10612959/ERR10612959_2.fastq.gz	795737153	0968b6a869a113cf7772fb3af01b87cd
ERR10612961	1	data/raw/fastq/ERR10612961/ERR10612961_1.fastq.gz	https://ftp.sra.ebi.ac.uk/vol1/fastq/ERR106/061/ERR10612961/ERR10612961_1.fastq.gz	567014062	fce709a266fb52fed150beb44af8c465
ERR10612961	2	data/raw/fastq/ERR10612961/ERR10612961_2.fastq.gz	https://ftp.sra.ebi.ac.uk/vol1/fastq/ERR106/061/ERR10612961/ERR10612961_2.fastq.gz	673692906	da510d1002271acb8f9621f8b6df76f3
ERR10612973	1	data/raw/fastq/ERR10612973/ERR10612973_1.fastq.gz	https://ftp.sra.ebi.ac.uk/vol1/fastq/ERR106/073/ERR10612973/ERR10612973_1.fastq.gz	654510576	bfaea0cc7fe8182405ed24a067bdfa91
ERR10612973	2	data/raw/fastq/ERR10612973/ERR10612973_2.fastq.gz	https://ftp.sra.ebi.ac.uk/vol1/fastq/ERR106/073/ERR10612973/ERR10612973_2.fastq.gz	721229798	11024668badec118e50995d2f35ff143
ERR10612971	1	data/raw/fastq/ERR10612971/ERR10612971_1.fastq.gz	https://ftp.sra.ebi.ac.uk/vol1/fastq/ERR106/071/ERR10612971/ERR10612971_1.fastq.gz	765145453	9b775c7c7711e86ed3f8bbebcb36c506
ERR10612971	2	data/raw/fastq/ERR10612971/ERR10612971_2.fastq.gz	https://ftp.sra.ebi.ac.uk/vol1/fastq/ERR106/071/ERR10612971/ERR10612971_2.fastq.gz	836188032	59d156bac04086fe9f26d1cd43df935f
ERR10612972	1	data/raw/fastq/ERR10612972/ERR10612972_1.fastq.gz	https://ftp.sra.ebi.ac.uk/vol1/fastq/ERR106/072/ERR10612972/ERR10612972_1.fastq.gz	517442704	e03e0aec50c6a471078ea813a53fb0a5
ERR10612972	2	data/raw/fastq/ERR10612972/ERR10612972_2.fastq.gz	https://ftp.sra.ebi.ac.uk/vol1/fastq/ERR106/072/ERR10612972/ERR10612972_2.fastq.gz	599352643	b38f00cfdbde6132f8e03db580de9ade
ERR10612984	1	data/raw/fastq/ERR10612984/ERR10612984_1.fastq.gz	https://ftp.sra.ebi.ac.uk/vol1/fastq/ERR106/084/ERR10612984/ERR10612984_1.fastq.gz	500010783	702f2da28af40374a5bdaf9bf3950734
ERR10612984	2	data/raw/fastq/ERR10612984/ERR10612984_2.fastq.gz	https://ftp.sra.ebi.ac.uk/vol1/fastq/ERR106/084/ERR10612984/ERR10612984_2.fastq.gz	557218120	4c213297947641c0f44e5d0c31af8f58
ERR10612983	1	data/raw/fastq/ERR10612983/ERR10612983_1.fastq.gz	https://ftp.sra.ebi.ac.uk/vol1/fastq/ERR106/083/ERR10612983/ERR10612983_1.fastq.gz	667109601	e43778073258bdd7928ec5c8faa694f3
ERR10612983	2	data/raw/fastq/ERR10612983/ERR10612983_2.fastq.gz	https://ftp.sra.ebi.ac.uk/vol1/fastq/ERR106/083/ERR10612983/ERR10612983_2.fastq.gz	719980413	24729b9de1115dd784ecc35a45ef1d38
ERR10612982	1	data/raw/fastq/ERR10612982/ERR10612982_1.fastq.gz	https://ftp.sra.ebi.ac.uk/vol1/fastq/ERR106/082/ERR10612982/ERR10612982_1.fastq.gz	607533233	56c19d34bb7ef3c19f8c52b75b079674
ERR10612982	2	data/raw/fastq/ERR10612982/ERR10612982_2.fastq.gz	https://ftp.sra.ebi.ac.uk/vol1/fastq/ERR106/082/ERR10612982/ERR10612982_2.fastq.gz	644069129	acd11da68aeaae61ba2dad015ec9a15a
ERR10612994	1	data/raw/fastq/ERR10612994/ERR10612994_1.fastq.gz	https://ftp.sra.ebi.ac.uk/vol1/fastq/ERR106/094/ERR10612994/ERR10612994_1.fastq.gz	422715442	3c6187e1b4cce750f94e038dd07e3695
ERR10612994	2	data/raw/fastq/ERR10612994/ERR10612994_2.fastq.gz	https://ftp.sra.ebi.ac.uk/vol1/fastq/ERR106/094/ERR10612994/ERR10612994_2.fastq.gz	465327177	5abb15bb5664308624c0a3cabb3ca595
ERR10612993	1	data/raw/fastq/ERR10612993/ERR10612993_1.fastq.gz	https://ftp.sra.ebi.ac.uk/vol1/fastq/ERR106/093/ERR10612993/ERR10612993_1.fastq.gz	663248622	a2682b0baacf01e7a808d055f0cad4f2
ERR10612993	2	data/raw/fastq/ERR10612993/ERR10612993_2.fastq.gz	https://ftp.sra.ebi.ac.uk/vol1/fastq/ERR106/093/ERR10612993/ERR10612993_2.fastq.gz	778872357	7dcaa21f158564b81106338a69a74a80
ERR10612995	1	data/raw/fastq/ERR10612995/ERR10612995_1.fastq.gz	https://ftp.sra.ebi.ac.uk/vol1/fastq/ERR106/095/ERR10612995/ERR10612995_1.fastq.gz	658963725	c083cb08b07dc63256bab37b51245283
ERR10612995	2	data/raw/fastq/ERR10612995/ERR10612995_2.fastq.gz	https://ftp.sra.ebi.ac.uk/vol1/fastq/ERR106/095/ERR10612995/ERR10612995_2.fastq.gz	768355040	2f78cd54866fbeceb3416b700e87404b
ERR10613005	1	data/raw/fastq/ERR10613005/ERR10613005_1.fastq.gz	https://ftp.sra.ebi.ac.uk/vol1/fastq/ERR106/005/ERR10613005/ERR10613005_1.fastq.gz	663409810	477aeb89ce42ac0df979a6a68e41c63c
ERR10613005	2	data/raw/fastq/ERR10613005/ERR10613005_2.fastq.gz	https://ftp.sra.ebi.ac.uk/vol1/fastq/ERR106/005/ERR10613005/ERR10613005_2.fastq.gz	722521185	7ea5afd904944c7385a7b1c0cd0829a8
ERR10613004	1	data/raw/fastq/ERR10613004/ERR10613004_1.fastq.gz	https://ftp.sra.ebi.ac.uk/vol1/fastq/ERR106/004/ERR10613004/ERR10613004_1.fastq.gz	550948265	0572c09f15386e4f7d157f2960a8c8b1
ERR10613004	2	data/raw/fastq/ERR10613004/ERR10613004_2.fastq.gz	https://ftp.sra.ebi.ac.uk/vol1/fastq/ERR106/004/ERR10613004/ERR10613004_2.fastq.gz	593013210	3a0b6fb9cad7a3055f73b3bd56a3addd
ERR10613006	1	data/raw/fastq/ERR10613006/ERR10613006_1.fastq.gz	https://ftp.sra.ebi.ac.uk/vol1/fastq/ERR106/006/ERR10613006/ERR10613006_1.fastq.gz	586466856	ab0e5afeda77943ae858f0128a1ee391
ERR10613006	2	data/raw/fastq/ERR10613006/ERR10613006_2.fastq.gz	https://ftp.sra.ebi.ac.uk/vol1/fastq/ERR106/006/ERR10613006/ERR10613006_2.fastq.gz	646324813	5fca2ba7938d8aab05353f828cf3056e
ERR10613016	1	data/raw/fastq/ERR10613016/ERR10613016_1.fastq.gz	https://ftp.sra.ebi.ac.uk/vol1/fastq/ERR106/016/ERR10613016/ERR10613016_1.fastq.gz	515803095	0600346e49537b08f477d05e598e440d
ERR10613016	2	data/raw/fastq/ERR10613016/ERR10613016_2.fastq.gz	https://ftp.sra.ebi.ac.uk/vol1/fastq/ERR106/016/ERR10613016/ERR10613016_2.fastq.gz	565863969	1a199c90ca1ce54a7e3878983d18f6e6
ERR10613017	1	data/raw/fastq/ERR10613017/ERR10613017_1.fastq.gz	https://ftp.sra.ebi.ac.uk/vol1/fastq/ERR106/017/ERR10613017/ERR10613017_1.fastq.gz	523642778	c1a0816c449ef596f860a0d9b7f06c4a
ERR10613017	2	data/raw/fastq/ERR10613017/ERR10613017_2.fastq.gz	https://ftp.sra.ebi.ac.uk/vol1/fastq/ERR106/017/ERR10613017/ERR10613017_2.fastq.gz	568449007	0281de894b63bb3eaa7115a2e10af08d
ERR10613018	1	data/raw/fastq/ERR10613018/ERR10613018_1.fastq.gz	https://ftp.sra.ebi.ac.uk/vol1/fastq/ERR106/018/ERR10613018/ERR10613018_1.fastq.gz	660811369	4dfc059081a677f7d0e095d8bca2a634
ERR10613018	2	data/raw/fastq/ERR10613018/ERR10613018_2.fastq.gz	https://ftp.sra.ebi.ac.uk/vol1/fastq/ERR106/018/ERR10613018/ERR10613018_2.fastq.gz	713585719	a8cecff0bdef84bd89e1dc9290ea131b
ERR10613028	1	data/raw/fastq/ERR10613028/ERR10613028_1.fastq.gz	https://ftp.sra.ebi.ac.uk/vol1/fastq/ERR106/028/ERR10613028/ERR10613028_1.fastq.gz	562279619	55554e6098be042245994055e8f37edb
ERR10613028	2	data/raw/fastq/ERR10613028/ERR10613028_2.fastq.gz	https://ftp.sra.ebi.ac.uk/vol1/fastq/ERR106/028/ERR10613028/ERR10613028_2.fastq.gz	617039015	e35840e019a4df50e25a8cfbcf2ccd1a
ERR10613029	1	data/raw/fastq/ERR10613029/ERR10613029_1.fastq.gz	https://ftp.sra.ebi.ac.uk/vol1/fastq/ERR106/029/ERR10613029/ERR10613029_1.fastq.gz	583930000	78e242de8d0e4e3d6dddeb3a314bf92b
ERR10613029	2	data/raw/fastq/ERR10613029/ERR10613029_2.fastq.gz	https://ftp.sra.ebi.ac.uk/vol1/fastq/ERR106/029/ERR10613029/ERR10613029_2.fastq.gz	618372421	e3d4f7b914eb3df9fb5fd541159d2b92
ERR10613030	1	data/raw/fastq/ERR10613030/ERR10613030_1.fastq.gz	https://ftp.sra.ebi.ac.uk/vol1/fastq/ERR106/030/ERR10613030/ERR10613030_1.fastq.gz	535600159	85c875ca7037e43e139c39a5b7d398af
ERR10613030	2	data/raw/fastq/ERR10613030/ERR10613030_2.fastq.gz	https://ftp.sra.ebi.ac.uk/vol1/fastq/ERR106/030/ERR10613030/ERR10613030_2.fastq.gz	634637203	075450ffb88153ef464da22469199340
ERR10613040	1	data/raw/fastq/ERR10613040/ERR10613040_1.fastq.gz	https://ftp.sra.ebi.ac.uk/vol1/fastq/ERR106/040/ERR10613040/ERR10613040_1.fastq.gz	598275472	2180f632ef0829e22013c451cf250fa9
ERR10613040	2	data/raw/fastq/ERR10613040/ERR10613040_2.fastq.gz	https://ftp.sra.ebi.ac.uk/vol1/fastq/ERR106/040/ERR10613040/ERR10613040_2.fastq.gz	653442621	2c5a59bde7c7d7b3cfd5d51e2dc1469e
ERR10613041	1	data/raw/fastq/ERR10613041/ERR10613041_1.fastq.gz	https://ftp.sra.ebi.ac.uk/vol1/fastq/ERR106/041/ERR10613041/ERR10613041_1.fastq.gz	581377993	73c51d59b727e77d0b2e0de6ef4d53c3
ERR10613041	2	data/raw/fastq/ERR10613041/ERR10613041_2.fastq.gz	https://ftp.sra.ebi.ac.uk/vol1/fastq/ERR106/041/ERR10613041/ERR10613041_2.fastq.gz	627039170	6cc4d5f31a65b3fb8a6450addd25aadc
ERR10613042	1	data/raw/fastq/ERR10613042/ERR10613042_1.fastq.gz	https://ftp.sra.ebi.ac.uk/vol1/fastq/ERR106/042/ERR10613042/ERR10613042_1.fastq.gz	552808691	bc637ebe5a50e4d687e39df82499bfd1
ERR10613042	2	data/raw/fastq/ERR10613042/ERR10613042_2.fastq.gz	https://ftp.sra.ebi.ac.uk/vol1/fastq/ERR106/042/ERR10613042/ERR10613042_2.fastq.gz	605269074	f70340685feb3daf3f9e7d89aadfbefa
ERR10613053	1	data/raw/fastq/ERR10613053/ERR10613053_1.fastq.gz	https://ftp.sra.ebi.ac.uk/vol1/fastq/ERR106/053/ERR10613053/ERR10613053_1.fastq.gz	367435304	230ea8df7c56a629dda87f84bc6fbe34
ERR10613053	2	data/raw/fastq/ERR10613053/ERR10613053_2.fastq.gz	https://ftp.sra.ebi.ac.uk/vol1/fastq/ERR106/053/ERR10613053/ERR10613053_2.fastq.gz	414417136	982f06a7a359e2ac1675b6df35562d7d
ERR10613052	1	data/raw/fastq/ERR10613052/ERR10613052_1.fastq.gz	https://ftp.sra.ebi.ac.uk/vol1/fastq/ERR106/052/ERR10613052/ERR10613052_1.fastq.gz	449874143	d4b3f7bb84fc8d2f7200689f9954ee65
ERR10613052	2	data/raw/fastq/ERR10613052/ERR10613052_2.fastq.gz	https://ftp.sra.ebi.ac.uk/vol1/fastq/ERR106/052/ERR10613052/ERR10613052_2.fastq.gz	508892564	27828c41fb691f68d5623fcd60d4ef83
ERR10613054	1	data/raw/fastq/ERR10613054/ERR10613054_1.fastq.gz	https://ftp.sra.ebi.ac.uk/vol1/fastq/ERR106/054/ERR10613054/ERR10613054_1.fastq.gz	403798439	a880a8522a844ac88e525ada6729535d
ERR10613054	2	data/raw/fastq/ERR10613054/ERR10613054_2.fastq.gz	https://ftp.sra.ebi.ac.uk/vol1/fastq/ERR106/054/ERR10613054/ERR10613054_2.fastq.gz	436345909	5b62e4a075d59773e29abe261c771c37
ERR10613064	1	data/raw/fastq/ERR10613064/ERR10613064_1.fastq.gz	https://ftp.sra.ebi.ac.uk/vol1/fastq/ERR106/064/ERR10613064/ERR10613064_1.fastq.gz	479769791	200224b9c1af8473ed5d72427d9604b7
ERR10613064	2	data/raw/fastq/ERR10613064/ERR10613064_2.fastq.gz	https://ftp.sra.ebi.ac.uk/vol1/fastq/ERR106/064/ERR10613064/ERR10613064_2.fastq.gz	576714696	1014d69ebb59e264563f3841e0274781
ERR10613066	1	data/raw/fastq/ERR10613066/ERR10613066_1.fastq.gz	https://ftp.sra.ebi.ac.uk/vol1/fastq/ERR106/066/ERR10613066/ERR10613066_1.fastq.gz	459025355	19d03e8b5d10dec04436b49af5a85fb7
ERR10613066	2	data/raw/fastq/ERR10613066/ERR10613066_2.fastq.gz	https://ftp.sra.ebi.ac.uk/vol1/fastq/ERR106/066/ERR10613066/ERR10613066_2.fastq.gz	521553405	b8b7df6f89898b1c797521e3374174ba
ERR10613065	1	data/raw/fastq/ERR10613065/ERR10613065_1.fastq.gz	https://ftp.sra.ebi.ac.uk/vol1/fastq/ERR106/065/ERR10613065/ERR10613065_1.fastq.gz	454754655	14941d9ecbbaa5d14e16862feac64e75
ERR10613065	2	data/raw/fastq/ERR10613065/ERR10613065_2.fastq.gz	https://ftp.sra.ebi.ac.uk/vol1/fastq/ERR106/065/ERR10613065/ERR10613065_2.fastq.gz	480492290	1b1120a9c4fb8013165a1fffeda9320d
ERR10613076	1	data/raw/fastq/ERR10613076/ERR10613076_1.fastq.gz	https://ftp.sra.ebi.ac.uk/vol1/fastq/ERR106/076/ERR10613076/ERR10613076_1.fastq.gz	502809710	3a8b5c996ff90f7ccbafe8da210c749e
ERR10613076	2	data/raw/fastq/ERR10613076/ERR10613076_2.fastq.gz	https://ftp.sra.ebi.ac.uk/vol1/fastq/ERR106/076/ERR10613076/ERR10613076_2.fastq.gz	535063738	74e59ac6778eb4c395de5d93cc0114c2
ERR10613078	1	data/raw/fastq/ERR10613078/ERR10613078_1.fastq.gz	https://ftp.sra.ebi.ac.uk/vol1/fastq/ERR106/078/ERR10613078/ERR10613078_1.fastq.gz	475434789	02e7ba2d8430ce5a2daf54344b843cb7
ERR10613078	2	data/raw/fastq/ERR10613078/ERR10613078_2.fastq.gz	https://ftp.sra.ebi.ac.uk/vol1/fastq/ERR106/078/ERR10613078/ERR10613078_2.fastq.gz	542254329	dc9bd46496df369adae1628609a781b7
ERR10613077	1	data/raw/fastq/ERR10613077/ERR10613077_1.fastq.gz	https://ftp.sra.ebi.ac.uk/vol1/fastq/ERR106/077/ERR10613077/ERR10613077_1.fastq.gz	479812966	38e060ddd7c1652f910c7acdb7562d5b
ERR10613077	2	data/raw/fastq/ERR10613077/ERR10613077_2.fastq.gz	https://ftp.sra.ebi.ac.uk/vol1/fastq/ERR106/077/ERR10613077/ERR10613077_2.fastq.gz	524371964	c75d5ebf960b41a0e8546da47e87aaf6
ERR10612927	1	data/raw/fastq/ERR10612927/ERR10612927_1.fastq.gz	https://ftp.sra.ebi.ac.uk/vol1/fastq/ERR106/027/ERR10612927/ERR10612927_1.fastq.gz	498416153	9dc3473a7f1de6d7b5cb19e4bb23e682
ERR10612927	2	data/raw/fastq/ERR10612927/ERR10612927_2.fastq.gz	https://ftp.sra.ebi.ac.uk/vol1/fastq/ERR106/027/ERR10612927/ERR10612927_2.fastq.gz	552174522	bc339849e006e0a42bb91a14337490c0
ERR10612928	1	data/raw/fastq/ERR10612928/ERR10612928_1.fastq.gz	https://ftp.sra.ebi.ac.uk/vol1/fastq/ERR106/028/ERR10612928/ERR10612928_1.fastq.gz	584942629	a2dcda30dc43dd696cbfcb42dec0c63c
ERR10612928	2	data/raw/fastq/ERR10612928/ERR10612928_2.fastq.gz	https://ftp.sra.ebi.ac.uk/vol1/fastq/ERR106/028/ERR10612928/ERR10612928_2.fastq.gz	668549366	d74d3dde1857a2049f5c4a225298d796
ERR10612926	1	data/raw/fastq/ERR10612926/ERR10612926_1.fastq.gz	https://ftp.sra.ebi.ac.uk/vol1/fastq/ERR106/026/ERR10612926/ERR10612926_1.fastq.gz	492213305	8a0b92a2113f613570bbd732e8c7cfba
ERR10612926	2	data/raw/fastq/ERR10612926/ERR10612926_2.fastq.gz	https://ftp.sra.ebi.ac.uk/vol1/fastq/ERR106/026/ERR10612926/ERR10612926_2.fastq.gz	535373341	97319b3f5678283069ac3d78ac1e36df
ERR10612939	1	data/raw/fastq/ERR10612939/ERR10612939_1.fastq.gz	https://ftp.sra.ebi.ac.uk/vol1/fastq/ERR106/039/ERR10612939/ERR10612939_1.fastq.gz	470154285	960bc25137755b76b9e4ba0ba26ecc21
ERR10612939	2	data/raw/fastq/ERR10612939/ERR10612939_2.fastq.gz	https://ftp.sra.ebi.ac.uk/vol1/fastq/ERR106/039/ERR10612939/ERR10612939_2.fastq.gz	489093493	c272799788bdd3ab075bc0d9ef473161
ERR10612938	1	data/raw/fastq/ERR10612938/ERR10612938_1.fastq.gz	https://ftp.sra.ebi.ac.uk/vol1/fastq/ERR106/038/ERR10612938/ERR10612938_1.fastq.gz	543163248	9327f3aef339d89d0400b88fcf4294ef
ERR10612938	2	data/raw/fastq/ERR10612938/ERR10612938_2.fastq.gz	https://ftp.sra.ebi.ac.uk/vol1/fastq/ERR106/038/ERR10612938/ERR10612938_2.fastq.gz	591183655	a2856e08b3aa61a9115d5c1984c1de27
ERR10612940	1	data/raw/fastq/ERR10612940/ERR10612940_1.fastq.gz	https://ftp.sra.ebi.ac.uk/vol1/fastq/ERR106/040/ERR10612940/ERR10612940_1.fastq.gz	532392805	02b6365b9145a9e3d0e012780e14bd5b
ERR10612940	2	data/raw/fastq/ERR10612940/ERR10612940_2.fastq.gz	https://ftp.sra.ebi.ac.uk/vol1/fastq/ERR106/040/ERR10612940/ERR10612940_2.fastq.gz	612769294	80e43376cd2215950c00e11c01ef45ee
ERR10612952	1	data/raw/fastq/ERR10612952/ERR10612952_1.fastq.gz	https://ftp.sra.ebi.ac.uk/vol1/fastq/ERR106/052/ERR10612952/ERR10612952_1.fastq.gz	434570628	d109cd513170ea0c05584480a8ea0bc0
ERR10612952	2	data/raw/fastq/ERR10612952/ERR10612952_2.fastq.gz	https://ftp.sra.ebi.ac.uk/vol1/fastq/ERR106/052/ERR10612952/ERR10612952_2.fastq.gz	483175153	5d45dd14a43343132771b2258ea12706
ERR10612950	1	data/raw/fastq/ERR10612950/ERR10612950_1.fastq.gz	https://ftp.sra.ebi.ac.uk/vol1/fastq/ERR106/050/ERR10612950/ERR10612950_1.fastq.gz	542091109	97def0515d502b29e80ee3b6801bc0ab
ERR10612950	2	data/raw/fastq/ERR10612950/ERR10612950_2.fastq.gz	https://ftp.sra.ebi.ac.uk/vol1/fastq/ERR106/050/ERR10612950/ERR10612950_2.fastq.gz	583432767	c53dcfa8a18c33cf8363da6ff0bf81e6
ERR10612951	1	data/raw/fastq/ERR10612951/ERR10612951_1.fastq.gz	https://ftp.sra.ebi.ac.uk/vol1/fastq/ERR106/051/ERR10612951/ERR10612951_1.fastq.gz	596655835	e34e89154dedc9343089a9d5612bc97e
ERR10612951	2	data/raw/fastq/ERR10612951/ERR10612951_2.fastq.gz	https://ftp.sra.ebi.ac.uk/vol1/fastq/ERR106/051/ERR10612951/ERR10612951_2.fastq.gz	680249529	60b9d64313fdfc5906eb54334ad52b6e
ERR10612963	1	data/raw/fastq/ERR10612963/ERR10612963_1.fastq.gz	https://ftp.sra.ebi.ac.uk/vol1/fastq/ERR106/063/ERR10612963/ERR10612963_1.fastq.gz	424995389	bbd7f3eaa56c7f133605cd18724a64fc
ERR10612963	2	data/raw/fastq/ERR10612963/ERR10612963_2.fastq.gz	https://ftp.sra.ebi.ac.uk/vol1/fastq/ERR106/063/ERR10612963/ERR10612963_2.fastq.gz	487629023	c862de6a6f4fdfd69b8287bde0e53891
ERR10612964	1	data/raw/fastq/ERR10612964/ERR10612964_1.fastq.gz	https://ftp.sra.ebi.ac.uk/vol1/fastq/ERR106/064/ERR10612964/ERR10612964_1.fastq.gz	433596333	898c8f774683a2307120bd26c70a8180
ERR10612964	2	data/raw/fastq/ERR10612964/ERR10612964_2.fastq.gz	https://ftp.sra.ebi.ac.uk/vol1/fastq/ERR106/064/ERR10612964/ERR10612964_2.fastq.gz	480999734	f5ccaadc377055a5797a20c633147ffb
ERR10612962	1	data/raw/fastq/ERR10612962/ERR10612962_1.fastq.gz	https://ftp.sra.ebi.ac.uk/vol1/fastq/ERR106/062/ERR10612962/ERR10612962_1.fastq.gz	441381966	e1ed54cac14e1b5cc43341a490db6200
ERR10612962	2	data/raw/fastq/ERR10612962/ERR10612962_2.fastq.gz	https://ftp.sra.ebi.ac.uk/vol1/fastq/ERR106/062/ERR10612962/ERR10612962_2.fastq.gz	504202220	2cd3b2e79a7bad16401568d499e19469
ERR10612974	1	data/raw/fastq/ERR10612974/ERR10612974_1.fastq.gz	https://ftp.sra.ebi.ac.uk/vol1/fastq/ERR106/074/ERR10612974/ERR10612974_1.fastq.gz	742775230	7881b57637e361ae99327012f55c1e4c
ERR10612974	2	data/raw/fastq/ERR10612974/ERR10612974_2.fastq.gz	https://ftp.sra.ebi.ac.uk/vol1/fastq/ERR106/074/ERR10612974/ERR10612974_2.fastq.gz	816782682	b50a3d0c93762baa7a4fb08d8037993d
ERR10612975	1	data/raw/fastq/ERR10612975/ERR10612975_1.fastq.gz	https://ftp.sra.ebi.ac.uk/vol1/fastq/ERR106/075/ERR10612975/ERR10612975_1.fastq.gz	432925901	45d7e2f9b47bfb94f55369ecd741f6f3
ERR10612975	2	data/raw/fastq/ERR10612975/ERR10612975_2.fastq.gz	https://ftp.sra.ebi.ac.uk/vol1/fastq/ERR106/075/ERR10612975/ERR10612975_2.fastq.gz	484048825	f4afc101fae987f02bab7343e54c8ee6
ERR10612976	1	data/raw/fastq/ERR10612976/ERR10612976_1.fastq.gz	https://ftp.sra.ebi.ac.uk/vol1/fastq/ERR106/076/ERR10612976/ERR10612976_1.fastq.gz	461022856	32a7af5d61b5465af4a9fb645f2ea4ef
ERR10612976	2	data/raw/fastq/ERR10612976/ERR10612976_2.fastq.gz	https://ftp.sra.ebi.ac.uk/vol1/fastq/ERR106/076/ERR10612976/ERR10612976_2.fastq.gz	478534791	2e3942ad529fd4cf14143dd93b285820
ERR10612985	1	data/raw/fastq/ERR10612985/ERR10612985_1.fastq.gz	https://ftp.sra.ebi.ac.uk/vol1/fastq/ERR106/085/ERR10612985/ERR10612985_1.fastq.gz	542297334	44de79b5d8da44af49e64bc1911825ba
ERR10612985	2	data/raw/fastq/ERR10612985/ERR10612985_2.fastq.gz	https://ftp.sra.ebi.ac.uk/vol1/fastq/ERR106/085/ERR10612985/ERR10612985_2.fastq.gz	602494188	63e3206d911a1fd3b299cbb562b2217c
ERR10612987	1	data/raw/fastq/ERR10612987/ERR10612987_1.fastq.gz	https://ftp.sra.ebi.ac.uk/vol1/fastq/ERR106/087/ERR10612987/ERR10612987_1.fastq.gz	661775219	4991807d52bb27aac84f62417a8893b4
ERR10612987	2	data/raw/fastq/ERR10612987/ERR10612987_2.fastq.gz	https://ftp.sra.ebi.ac.uk/vol1/fastq/ERR106/087/ERR10612987/ERR10612987_2.fastq.gz	846481966	f947d1a5ad27a0c1a98a3c344f9a4000
ERR10612986	1	data/raw/fastq/ERR10612986/ERR10612986_1.fastq.gz	https://ftp.sra.ebi.ac.uk/vol1/fastq/ERR106/086/ERR10612986/ERR10612986_1.fastq.gz	552733148	d788757b8aa20344b8819382a8bc6fa7
ERR10612986	2	data/raw/fastq/ERR10612986/ERR10612986_2.fastq.gz	https://ftp.sra.ebi.ac.uk/vol1/fastq/ERR106/086/ERR10612986/ERR10612986_2.fastq.gz	630561269	87d3ddf21d2d59ccb8431807563d8a19
ERR10612998	1	data/raw/fastq/ERR10612998/ERR10612998_1.fastq.gz	https://ftp.sra.ebi.ac.uk/vol1/fastq/ERR106/098/ERR10612998/ERR10612998_1.fastq.gz	491793963	863f67924782aa1b633f35a476d0aec9
ERR10612998	2	data/raw/fastq/ERR10612998/ERR10612998_2.fastq.gz	https://ftp.sra.ebi.ac.uk/vol1/fastq/ERR106/098/ERR10612998/ERR10612998_2.fastq.gz	534550973	ddc52f3df727946ae9442ef14f106497
ERR10612997	1	data/raw/fastq/ERR10612997/ERR10612997_1.fastq.gz	https://ftp.sra.ebi.ac.uk/vol1/fastq/ERR106/097/ERR10612997/ERR10612997_1.fastq.gz	545785852	9ec7946b0779602e19467a51069262df
ERR10612997	2	data/raw/fastq/ERR10612997/ERR10612997_2.fastq.gz	https://ftp.sra.ebi.ac.uk/vol1/fastq/ERR106/097/ERR10612997/ERR10612997_2.fastq.gz	614744057	83bb06eb266b7f0a901f04ffb9dbbc24
ERR10612996	1	data/raw/fastq/ERR10612996/ERR10612996_1.fastq.gz	https://ftp.sra.ebi.ac.uk/vol1/fastq/ERR106/096/ERR10612996/ERR10612996_1.fastq.gz	566460945	21790d1b96540fe5d45b948f05c75cee
ERR10612996	2	data/raw/fastq/ERR10612996/ERR10612996_2.fastq.gz	https://ftp.sra.ebi.ac.uk/vol1/fastq/ERR106/096/ERR10612996/ERR10612996_2.fastq.gz	595614756	c1c473f868802f5a73e8271ce2aea66a
ERR10613007	1	data/raw/fastq/ERR10613007/ERR10613007_1.fastq.gz	https://ftp.sra.ebi.ac.uk/vol1/fastq/ERR106/007/ERR10613007/ERR10613007_1.fastq.gz	621758184	d30bfd8bb0ed83f640fde47be0dc73e2
ERR10613007	2	data/raw/fastq/ERR10613007/ERR10613007_2.fastq.gz	https://ftp.sra.ebi.ac.uk/vol1/fastq/ERR106/007/ERR10613007/ERR10613007_2.fastq.gz	657257515	2fab4783f6f2ba67308d451dfa1b5405
ERR10613009	1	data/raw/fastq/ERR10613009/ERR10613009_1.fastq.gz	https://ftp.sra.ebi.ac.uk/vol1/fastq/ERR106/009/ERR10613009/ERR10613009_1.fastq.gz	689381721	433acfe67937123f6de66b8b9ce00b7f
ERR10613009	2	data/raw/fastq/ERR10613009/ERR10613009_2.fastq.gz	https://ftp.sra.ebi.ac.uk/vol1/fastq/ERR106/009/ERR10613009/ERR10613009_2.fastq.gz	766261779	dea97d5bc191b9665cfa5e8be79f0bed
ERR10613008	1	data/raw/fastq/ERR10613008/ERR10613008_1.fastq.gz	https://ftp.sra.ebi.ac.uk/vol1/fastq/ERR106/008/ERR10613008/ERR10613008_1.fastq.gz	488608971	82f3894b89dc726f6ddb58e15dbb2c68
ERR10613008	2	data/raw/fastq/ERR10613008/ERR10613008_2.fastq.gz	https://ftp.sra.ebi.ac.uk/vol1/fastq/ERR106/008/ERR10613008/ERR10613008_2.fastq.gz	541823554	c1b1ed88c719c561b8ea18772f781a5f
ERR10613019	1	data/raw/fastq/ERR10613019/ERR10613019_1.fastq.gz	https://ftp.sra.ebi.ac.uk/vol1/fastq/ERR106/019/ERR10613019/ERR10613019_1.fastq.gz	614710739	7a938f62babdd6a86cbb6fb2a19fe0e7
ERR10613019	2	data/raw/fastq/ERR10613019/ERR10613019_2.fastq.gz	https://ftp.sra.ebi.ac.uk/vol1/fastq/ERR106/019/ERR10613019/ERR10613019_2.fastq.gz	691836808	c82cc20d54400bd54e84bcefa873c771
ERR10613021	1	data/raw/fastq/ERR10613021/ERR10613021_1.fastq.gz	https://ftp.sra.ebi.ac.uk/vol1/fastq/ERR106/021/ERR10613021/ERR10613021_1.fastq.gz	583967505	7647d0666050f9569fd8a9a6ccfa1097
ERR10613021	2	data/raw/fastq/ERR10613021/ERR10613021_2.fastq.gz	https://ftp.sra.ebi.ac.uk/vol1/fastq/ERR106/021/ERR10613021/ERR10613021_2.fastq.gz	692383072	0ded03636003c5dc406902c2f045f5d5
ERR10613020	1	data/raw/fastq/ERR10613020/ERR10613020_1.fastq.gz	https://ftp.sra.ebi.ac.uk/vol1/fastq/ERR106/020/ERR10613020/ERR10613020_1.fastq.gz	675406760	f5db46d5668638f0a876b8233560a2e4
ERR10613020	2	data/raw/fastq/ERR10613020/ERR10613020_2.fastq.gz	https://ftp.sra.ebi.ac.uk/vol1/fastq/ERR106/020/ERR10613020/ERR10613020_2.fastq.gz	810540122	9543f7e964cd7e0209c7574ec5ac1f07
ERR10613031	1	data/raw/fastq/ERR10613031/ERR10613031_1.fastq.gz	https://ftp.sra.ebi.ac.uk/vol1/fastq/ERR106/031/ERR10613031/ERR10613031_1.fastq.gz	613787988	7d6264f675ad4a63742b0069808b83fd
ERR10613031	2	data/raw/fastq/ERR10613031/ERR10613031_2.fastq.gz	https://ftp.sra.ebi.ac.uk/vol1/fastq/ERR106/031/ERR10613031/ERR10613031_2.fastq.gz	679896405	1b4d9fe6f7f3dd505d552b70fd3807fd
ERR10613033	1	data/raw/fastq/ERR10613033/ERR10613033_1.fastq.gz	https://ftp.sra.ebi.ac.uk/vol1/fastq/ERR106/033/ERR10613033/ERR10613033_1.fastq.gz	541853151	c24a4e5142f89a5109d8445dfff9f3b2
ERR10613033	2	data/raw/fastq/ERR10613033/ERR10613033_2.fastq.gz	https://ftp.sra.ebi.ac.uk/vol1/fastq/ERR106/033/ERR10613033/ERR10613033_2.fastq.gz	613318653	2f40990439fb3171c6310cb59e29dc95
ERR10613032	1	data/raw/fastq/ERR10613032/ERR10613032_1.fastq.gz	https://ftp.sra.ebi.ac.uk/vol1/fastq/ERR106/032/ERR10613032/ERR10613032_1.fastq.gz	512317795	1bd0dd6183f737ed2d60ea4a859863ad
ERR10613032	2	data/raw/fastq/ERR10613032/ERR10613032_2.fastq.gz	https://ftp.sra.ebi.ac.uk/vol1/fastq/ERR106/032/ERR10613032/ERR10613032_2.fastq.gz	575009157	178b4ad9bfa75a8b58927d65a50187b9
ERR10613044	1	data/raw/fastq/ERR10613044/ERR10613044_1.fastq.gz	https://ftp.sra.ebi.ac.uk/vol1/fastq/ERR106/044/ERR10613044/ERR10613044_1.fastq.gz	477861339	b9ea1c9e1b385a6eb2fc20b04ad61a80
ERR10613044	2	data/raw/fastq/ERR10613044/ERR10613044_2.fastq.gz	https://ftp.sra.ebi.ac.uk/vol1/fastq/ERR106/044/ERR10613044/ERR10613044_2.fastq.gz	506269908	4b2766475eba188c57b7fe84df8c7156
ERR10613045	1	data/raw/fastq/ERR10613045/ERR10613045_1.fastq.gz	https://ftp.sra.ebi.ac.uk/vol1/fastq/ERR106/045/ERR10613045/ERR10613045_1.fastq.gz	542927482	68624a1cd7ed84a33cfba7ca311671f7
ERR10613045	2	data/raw/fastq/ERR10613045/ERR10613045_2.fastq.gz	https://ftp.sra.ebi.ac.uk/vol1/fastq/ERR106/045/ERR10613045/ERR10613045_2.fastq.gz	605707930	4ef6ef2564139c2a8c3c40488a74cea2
ERR10613043	1	data/raw/fastq/ERR10613043/ERR10613043_1.fastq.gz	https://ftp.sra.ebi.ac.uk/vol1/fastq/ERR106/043/ERR10613043/ERR10613043_1.fastq.gz	520391586	2fb4552c381e4cbcb0a87da6b4c30329
ERR10613043	2	data/raw/fastq/ERR10613043/ERR10613043_2.fastq.gz	https://ftp.sra.ebi.ac.uk/vol1/fastq/ERR106/043/ERR10613043/ERR10613043_2.fastq.gz	597150823	75bd71841490bb0154bbf87382e824a1
ERR10613057	1	data/raw/fastq/ERR10613057/ERR10613057_1.fastq.gz	https://ftp.sra.ebi.ac.uk/vol1/fastq/ERR106/057/ERR10613057/ERR10613057_1.fastq.gz	419867399	95b229caa57740a8ffa30ec093cc81f7
ERR10613057	2	data/raw/fastq/ERR10613057/ERR10613057_2.fastq.gz	https://ftp.sra.ebi.ac.uk/vol1/fastq/ERR106/057/ERR10613057/ERR10613057_2.fastq.gz	455468601	91981a74538bdada2ff8e2e9e09f23b9
ERR10613056	1	data/raw/fastq/ERR10613056/ERR10613056_1.fastq.gz	https://ftp.sra.ebi.ac.uk/vol1/fastq/ERR106/056/ERR10613056/ERR10613056_1.fastq.gz	535500669	c9391b66a0a7243cc02b7734e4ccee1d
ERR10613056	2	data/raw/fastq/ERR10613056/ERR10613056_2.fastq.gz	https://ftp.sra.ebi.ac.uk/vol1/fastq/ERR106/056/ERR10613056/ERR10613056_2.fastq.gz	569829104	2beb47475e951483a7cf06545e898347
ERR10613055	1	data/raw/fastq/ERR10613055/ERR10613055_1.fastq.gz	https://ftp.sra.ebi.ac.uk/vol1/fastq/ERR106/055/ERR10613055/ERR10613055_1.fastq.gz	512214159	1c8fb22ab5c6dad2fbb02c8de5d1a9f2
ERR10613055	2	data/raw/fastq/ERR10613055/ERR10613055_2.fastq.gz	https://ftp.sra.ebi.ac.uk/vol1/fastq/ERR106/055/ERR10613055/ERR10613055_2.fastq.gz	573681916	84a01909124419b35c2a4fc00ce9b5c2
ERR10613067	1	data/raw/fastq/ERR10613067/ERR10613067_1.fastq.gz	https://ftp.sra.ebi.ac.uk/vol1/fastq/ERR106/067/ERR10613067/ERR10613067_1.fastq.gz	555747240	7f9b98916eae23091c5973e6b04b30b2
ERR10613067	2	data/raw/fastq/ERR10613067/ERR10613067_2.fastq.gz	https://ftp.sra.ebi.ac.uk/vol1/fastq/ERR106/067/ERR10613067/ERR10613067_2.fastq.gz	602299042	7e4e056ac4be6c5038bff17fe9cf2e1c
ERR10613069	1	data/raw/fastq/ERR10613069/ERR10613069_1.fastq.gz	https://ftp.sra.ebi.ac.uk/vol1/fastq/ERR106/069/ERR10613069/ERR10613069_1.fastq.gz	539096844	54076a601f51a8fcf85c94bfac97b9a7
ERR10613069	2	data/raw/fastq/ERR10613069/ERR10613069_2.fastq.gz	https://ftp.sra.ebi.ac.uk/vol1/fastq/ERR106/069/ERR10613069/ERR10613069_2.fastq.gz	604734223	59039781a386d24ec7a77509676b0bdc
ERR10613068	1	data/raw/fastq/ERR10613068/ERR10613068_1.fastq.gz	https://ftp.sra.ebi.ac.uk/vol1/fastq/ERR106/068/ERR10613068/ERR10613068_1.fastq.gz	499057615	c25e86ef329abac4bc3b3f98f5e137b3
ERR10613068	2	data/raw/fastq/ERR10613068/ERR10613068_2.fastq.gz	https://ftp.sra.ebi.ac.uk/vol1/fastq/ERR106/068/ERR10613068/ERR10613068_2.fastq.gz	556217114	9f24813530fae243f35cc26cd067ac3e
ERR10613081	1	data/raw/fastq/ERR10613081/ERR10613081_1.fastq.gz	https://ftp.sra.ebi.ac.uk/vol1/fastq/ERR106/081/ERR10613081/ERR10613081_1.fastq.gz	617949938	a0d2459d2809f6745fd3613f5a99c52e
ERR10613081	2	data/raw/fastq/ERR10613081/ERR10613081_2.fastq.gz	https://ftp.sra.ebi.ac.uk/vol1/fastq/ERR106/081/ERR10613081/ERR10613081_2.fastq.gz	661052891	7f56079445fb0d7fd12310eafd710a24
ERR10613080	1	data/raw/fastq/ERR10613080/ERR10613080_1.fastq.gz	https://ftp.sra.ebi.ac.uk/vol1/fastq/ERR106/080/ERR10613080/ERR10613080_1.fastq.gz	526720229	5612fd1d81c0a2010072dff15885bd98
ERR10613080	2	data/raw/fastq/ERR10613080/ERR10613080_2.fastq.gz	https://ftp.sra.ebi.ac.uk/vol1/fastq/ERR106/080/ERR10613080/ERR10613080_2.fastq.gz	603163909	c14d47aa554994bd5736f1164a3eed58
ERR10613079	1	data/raw/fastq/ERR10613079/ERR10613079_1.fastq.gz	https://ftp.sra.ebi.ac.uk/vol1/fastq/ERR106/079/ERR10613079/ERR10613079_1.fastq.gz	617684085	5389e3032500f02d9b9ce295515db29c
ERR10613079	2	data/raw/fastq/ERR10613079/ERR10613079_2.fastq.gz	https://ftp.sra.ebi.ac.uk/vol1/fastq/ERR106/079/ERR10613079/ERR10613079_2.fastq.gz	661681338	f1bd2cd4e033ca9f84c316ba0a4e9018
