sample	run	strand	review
B_SAMN44500250	SRR31178571	2	passed
B_SAMN44500248	SRR31178573	2	passed
B_SAMN44500249	SRR31178572	2	passed
B_SAMN44500247	SRR31178574	2	passed
B_SAMN44462700	SRR31127948	2	passed
B_SAMN44462699	SRR31127949	2	passed
B_SAMN44462689	SRR31127950	2	passed
B_SAMN44462687	SRR31127951	2	passed
F_SAMN49027280	SRR33986264	0	passed
F_SAMN49027279	SRR33986265	0	passed
F_SAMN49027287	SRR33986273	0	passed
F_SAMN49027288	SRR33986272	0	passed
F_SAMN49027278	SRR33986266	0	passed
F_SAMN49027289	SRR33986271	0	passed
F_SAMN49027292	SRR33986268	0	passed
F_SAMN49027290	SRR33986270	0	passed
F_SAMN49027281	SRR33986263	0	passed
F_SAMN49027291	SRR33986269	0	passed
F_SAMN49027283	SRR33986261	0	passed
F_SAMN49027282	SRR33986262	0	passed
F_SAMN49027286	SRR33986274	0	passed
F_SAMN49027284	SRR33986260	0	passed
F_SAMN49027285	SRR33986275	0	passed
F_SAMN49027277	SRR33986267	0	passed
F_SAMN49027276	SRR33986276	0	passed
F_SAMN49027275	SRR33986277	0	passed
GSM2184140	SRR3618865	2	passed
GSM2184141	SRR3618866	2	passed
GSM2184142	SRR3618867	2	passed
GSM2184143	SRR3618868	2	passed
GSM2184144	SRR3618869	2	passed
GSM2184145	SRR3618870	2	passed
GSM2184146	SRR3618871	2	passed
GSM2184147	SRR3618872	2	passed
GSM2184148	SRR3618873	2	passed
GSM2184149	SRR3618874	2	passed
CR22_day1_SAMEA9449660	ERR6350169	2	passed
CR22_day1_SAMEA9449661	ERR6350170	2	passed
CR22_day1_SAMEA9449662	ERR6350171	2	passed
CR22_day1_SAMEA9449650	ERR6350160	2	passed
CR22_day1_SAMEA9449652	ERR6350161	2	passed
CR22_day1_SAMEA9449653	ERR6350162	2	passed
CR22_day1_SAMEA9449663	ERR6350172	2	passed
CR22_day1_SAMEA9449664	ERR6350173	2	passed
CR22_day1_SAMEA9449665	ERR6350174	2	passed
CR22_day1_SAMEA9449654	ERR6350163	2	passed
CR22_day1_SAMEA9449655	ERR6350164	2	passed
CR22_day1_SAMEA9449656	ERR6350165	2	passed
CR22_day1_SAMEA9449657	ERR6350166	2	passed
CR22_day1_SAMEA9449658	ERR6350167	2	passed
CR22_day1_SAMEA9449659	ERR6350168	2	passed
CR22_day1_SAMEA9449648	ERR6350157	2	passed
CR22_day1_SAMEA9449651	ERR6350158	2	passed
CR22_day1_SAMEA9449649	ERR6350159	2	passed
CR22_day10_SAMEA9449679	ERR6350187	2	passed
CR22_day10_SAMEA9449680	ERR6350188	2	passed
CR22_day10_SAMEA9449681	ERR6350189	2	passed
CR22_day10_SAMEA9449670	ERR6350178	2	passed
CR22_day10_SAMEA9449671	ERR6350179	2	passed
CR22_day10_SAMEA9449672	ERR6350180	2	passed
CR22_day10_SAMEA9449682	ERR6350190	2	passed
CR22_day10_SAMEA9449683	ERR6350191	2	passed
CR22_day10_SAMEA9449684	ERR6350192	2	passed
CR22_day10_SAMEA9449673	ERR6350181	2	passed
CR22_day10_SAMEA9449674	ERR6350182	2	passed
CR22_day10_SAMEA9449675	ERR6350183	2	passed
CR22_day10_SAMEA9449676	ERR6350184	2	passed
CR22_day10_SAMEA9449677	ERR6350185	2	passed
CR22_day10_SAMEA9449678	ERR6350186	2	passed
CR22_day10_SAMEA9449666	ERR6350175	2	passed
CR22_day10_SAMEA9449667	ERR6350176	2	passed
CR22_day10_SAMEA9449669	ERR6350177	2	passed
HSF_exp1_SAMN44572801	SRR31221187	2	passed
HSF_exp1_SAMN44572788	SRR31221174	2	passed
HSF_exp1_SAMN44572778	SRR31221166	2	passed
HSF_exp1_SAMN44572800	SRR31221186	2	passed
HSF_exp1_SAMN44572787	SRR31221173	2	passed
HSF_exp1_SAMN44572777	SRR31221165	2	passed
HSF_exp2_SAMN50922003	SRR35220185	0	passed
HSF_exp2_SAMN50922001	SRR35220183	0	passed
HSF_exp2_SAMN50921997	SRR35220179	0	passed
HSF_exp2_SAMN50921996	SRR35220178	0	passed
HSF_exp2_SAMN50921995	SRR35220177	0	passed
MC_day3_SAMEA112192437	ERR10612924	2	passed
MC_day3_SAMEA112192438	ERR10612925	2	passed
MC_day3_SAMEA112192436	ERR10612923	2	passed
MC_day3_SAMEA112192448	ERR10612935	2	passed
MC_day3_SAMEA112192449	ERR10612936	2	passed
MC_day3_SAMEA112192450	ERR10612937	2	passed
MC_day3_SAMEA112192461	ERR10612948	2	passed
MC_day3_SAMEA112192462	ERR10612949	2	passed
MC_day3_SAMEA112192460	ERR10612947	2	passed
MC_day3_SAMEA112192473	ERR10612960	2	passed
MC_day3_SAMEA112192472	ERR10612959	2	passed
MC_day3_SAMEA112192474	ERR10612961	2	passed
MC_day3_SAMEA112192486	ERR10612973	2	passed
MC_day3_SAMEA112192484	ERR10612971	2	passed
MC_day3_SAMEA112192485	ERR10612972	2	passed
MC_day3_SAMEA112192497	ERR10612984	2	passed
MC_day3_SAMEA112192496	ERR10612983	2	passed
MC_day3_SAMEA112192495	ERR10612982	2	passed
MC_day3_SAMEA112192507	ERR10612994	2	passed
MC_day3_SAMEA112192506	ERR10612993	2	passed
MC_day3_SAMEA112192508	ERR10612995	2	passed
MC_day3_SAMEA112192518	ERR10613005	2	passed
MC_day3_SAMEA112192517	ERR10613004	2	passed
MC_day3_SAMEA112192519	ERR10613006	2	passed
MC_day3_SAMEA112192529	ERR10613016	2	passed
MC_day3_SAMEA112192530	ERR10613017	2	passed
MC_day3_SAMEA112192531	ERR10613018	2	passed
MC_day3_SAMEA112192541	ERR10613028	2	passed
MC_day3_SAMEA112192542	ERR10613029	2	passed
MC_day3_SAMEA112192543	ERR10613030	2	passed
MC_day3_SAMEA112192553	ERR10613040	2	passed
MC_day3_SAMEA112192554	ERR10613041	2	passed
MC_day3_SAMEA112192555	ERR10613042	2	passed
MC_day3_SAMEA112192566	ERR10613053	2	passed
MC_day3_SAMEA112192565	ERR10613052	2	passed
MC_day3_SAMEA112192567	ERR10613054	2	passed
MC_day3_SAMEA112192577	ERR10613064	2	passed
MC_day3_SAMEA112192579	ERR10613066	2	passed
MC_day3_SAMEA112192578	ERR10613065	2	passed
MC_day3_SAMEA112192589	ERR10613076	2	passed
MC_day3_SAMEA112192591	ERR10613078	2	passed
MC_day3_SAMEA112192590	ERR10613077	2	passed
MC_day7_SAMEA112192440	ERR10612927	2	passed
MC_day7_SAMEA112192441	ERR10612928	2	passed
MC_day7_SAMEA112192439	ERR10612926	2	passed
MC_day7_SAMEA112192452	ERR10612939	2	passed
MC_day7_SAMEA112192451	ERR10612938	2	passed
MC_day7_SAMEA112192453	ERR10612940	2	passed
MC_day7_SAMEA112192465	ERR10612952	2	passed
MC_day7_SAMEA112192463	ERR10612950	2	passed
MC_day7_SAMEA112192464	ERR10612951	2	passed
MC_day7_SAMEA112192476	ERR10612963	2	passed
MC_day7_SAMEA112192477	ERR10612964	2	passed
MC_day7_SAMEA112192475	ERR10612962	2	passed
MC_day7_SAMEA112192488	ERR10612975	2	passed
MC_day7_SAMEA112192487	ERR10612974	2	passed
MC_day7_SAMEA112192489	ERR10612976	2	passed
MC_day7_SAMEA112192498	ERR10612985	2	passed
MC_day7_SAMEA112192500	ERR10612987	2	passed
MC_day7_SAMEA112192499	ERR10612986	2	passed
MC_day7_SAMEA112192511	ERR10612998	2	passed
MC_day7_SAMEA112192510	ERR10612997	2	passed
MC_day7_SAMEA112192509	ERR10612996	2	passed
MC_day7_SAMEA112192520	ERR10613007	2	passed
MC_day7_SAMEA112192522	ERR10613009	2	passed
MC_day7_SAMEA112192521	ERR10613008	2	passed
MC_day7_SAMEA112192532	ERR10613019	2	passed
MC_day7_SAMEA112192534	ERR10613021	2	passed
MC_day7_SAMEA112192533	ERR10613020	2	passed
MC_day7_SAMEA112192544	ERR10613031	2	passed
MC_day7_SAMEA112192546	ERR10613033	2	passed
MC_day7_SAMEA112192545	ERR10613032	2	passed
MC_day7_SAMEA112192557	ERR10613044	2	passed
MC_day7_SAMEA112192558	ERR10613045	2	passed
MC_day7_SAMEA112192556	ERR10613043	2	passed
MC_day7_SAMEA112192570	ERR10613057	2	passed
MC_day7_SAMEA112192569	ERR10613056	2	passed
MC_day7_SAMEA112192568	ERR10613055	2	passed
MC_day7_SAMEA112192580	ERR10613067	2	passed
MC_day7_SAMEA112192582	ERR10613069	2	passed
MC_day7_SAMEA112192581	ERR10613068	2	passed
MC_day7_SAMEA112192594	ERR10613081	2	passed
MC_day7_SAMEA112192593	ERR10613080	2	passed
MC_day7_SAMEA112192592	ERR10613079	2	passed
